layer,state,px,x_order,parent_state,parent_adj_prob,weight,centered_prob
1,....X....,0.6928571429,0,,0.0,0.0,0.6928571429
2,O...X....,0.6571428571,0,....X....,0.6928571429,0.27835051543639067,0.46428571425
2,..O.X....,0.6571428571,1,....X....,0.6928571429,0.27835051543639067,0.46428571425
2,....X.O..,0.6571428571,2,....X....,0.6928571429,0.27835051543639067,0.46428571425
2,....X...O,0.6571428571,3,....X....,0.6928571429,0.27835051543639067,0.46428571425
2,.O..X....,0.7285714286,4,....X....,0.6928571429,0.27835051543639067,0.53571428575
2,...OX....,0.7285714286,5,....X....,0.6928571429,0.27835051543639067,0.53571428575
2,....XO...,0.7285714286,6,....X....,0.6928571429,0.27835051543639067,0.53571428575
2,....X..O.,0.7285714286,7,....X....,0.6928571429,0.27835051543639067,0.53571428575
3,O...X...X,0.4888888889,0,O...X....,0.46428571425,0.3384615384568048,0.33174603177142853
3,O...XX...,0.6611111111,1,O...X....,0.46428571425,0.3384615384568048,0.5039682539714285
3,O...X..X.,0.6611111111,2,O...X....,0.46428571425,0.3384615384568048,0.5039682539714285
3,OX..X....,0.6833333333,3,O...X....,0.46428571425,0.3384615384568048,0.5261904761714286
3,O..XX....,0.6833333333,4,O...X....,0.46428571425,0.3384615384568048,0.5261904761714286
3,O.X.X....,0.7111111111,5,O...X....,0.46428571425,0.3384615384568048,0.5539682539714286
3,O...X.X..,0.7111111111,6,O...X....,0.46428571425,0.3384615384568048,0.5539682539714286
3,..O.X.X..,0.4888888889,7,..O.X....,0.46428571425,0.3384615384568048,0.33174603177142853
3,..OXX....,0.6611111111,8,..O.X....,0.46428571425,0.3384615384568048,0.5039682539714285
3,..O.X..X.,0.6611111111,9,..O.X....,0.46428571425,0.3384615384568048,0.5039682539714285
3,.XO.X....,0.6833333333,10,..O.X....,0.46428571425,0.3384615384568048,0.5261904761714286
3,..O.XX...,0.6833333333,11,..O.X....,0.46428571425,0.3384615384568048,0.5261904761714286
3,X.O.X....,0.7111111111,12,..O.X....,0.46428571425,0.3384615384568048,0.5539682539714286
3,..O.X...X,0.7111111111,13,..O.X....,0.46428571425,0.3384615384568048,0.5539682539714286
3,..X.X.O..,0.4888888889,14,....X.O..,0.46428571425,0.3384615384568048,0.33174603177142853
3,.X..X.O..,0.6611111111,15,....X.O..,0.46428571425,0.3384615384568048,0.5039682539714285
3,....XXO..,0.6611111111,16,....X.O..,0.46428571425,0.3384615384568048,0.5039682539714285
3,...XX.O..,0.6833333333,17,....X.O..,0.46428571425,0.3384615384568048,0.5261904761714286
3,....X.OX.,0.6833333333,18,....X.O..,0.46428571425,0.3384615384568048,0.5261904761714286
3,X...X.O..,0.7111111111,19,....X.O..,0.46428571425,0.3384615384568048,0.5539682539714286
3,....X.O.X,0.7111111111,20,....X.O..,0.46428571425,0.3384615384568048,0.5539682539714286
3,X...X...O,0.4888888889,21,....X...O,0.46428571425,0.3384615384568048,0.33174603177142853
3,.X..X...O,0.6611111111,22,....X...O,0.46428571425,0.3384615384568048,0.5039682539714285
3,...XX...O,0.6611111111,23,....X...O,0.46428571425,0.3384615384568048,0.5039682539714285
3,....XX..O,0.6833333333,24,....X...O,0.46428571425,0.3384615384568048,0.5261904761714286
3,....X..XO,0.6833333333,25,....X...O,0.46428571425,0.3384615384568048,0.5261904761714286
3,..X.X...O,0.7111111111,26,....X...O,0.46428571425,0.3384615384568048,0.5539682539714286
3,....X.X.O,0.7111111111,27,....X...O,0.46428571425,0.3384615384568048,0.5539682539714286
3,.O..X..X.,0.5444444444,28,.O..X....,0.53571428575,0.4266666665848887,0.3158730158571429
3,.O.XX....,0.7333333333,29,.O..X....,0.53571428575,0.4266666665848887,0.5047619047571429
3,.O..XX...,0.7333333333,30,.O..X....,0.53571428575,0.4266666665848887,0.5047619047571429
3,.O..X.X..,0.7611111111,31,.O..X....,0.53571428575,0.4266666665848887,0.5325396825571429
3,.O..X...X,0.7611111111,32,.O..X....,0.53571428575,0.4266666665848887,0.5325396825571429
3,XO..X....,0.7833333333,33,.O..X....,0.53571428575,0.4266666665848887,0.5547619047571429
3,.OX.X....,0.7833333333,34,.O..X....,0.53571428575,0.4266666665848887,0.5547619047571429
3,...OXX...,0.5444444444,35,...OX....,0.53571428575,0.4266666665848887,0.3158730158571429
3,.X.OX....,0.7333333333,36,...OX....,0.53571428575,0.4266666665848887,0.5047619047571429
3,...OX..X.,0.7333333333,37,...OX....,0.53571428575,0.4266666665848887,0.5047619047571429
3,..XOX....,0.7611111111,38,...OX....,0.53571428575,0.4266666665848887,0.5325396825571429
3,...OX...X,0.7611111111,39,...OX....,0.53571428575,0.4266666665848887,0.5325396825571429
3,X..OX....,0.7833333333,40,...OX....,0.53571428575,0.4266666665848887,0.5547619047571429
3,...OX.X..,0.7833333333,41,...OX....,0.53571428575,0.4266666665848887,0.5547619047571429
3,...XXO...,0.5444444444,42,....XO...,0.53571428575,0.4266666665848887,0.3158730158571429
3,.X..XO...,0.7333333333,43,....XO...,0.53571428575,0.4266666665848887,0.5047619047571429
3,....XO.X.,0.7333333333,44,....XO...,0.53571428575,0.4266666665848887,0.5047619047571429
3,X...XO...,0.7611111111,45,....XO...,0.53571428575,0.4266666665848887,0.5325396825571429
3,....XOX..,0.7611111111,46,....XO...,0.53571428575,0.4266666665848887,0.5325396825571429
3,..X.XO...,0.7833333333,47,....XO...,0.53571428575,0.4266666665848887,0.5547619047571429
3,....XO..X,0.7833333333,48,....XO...,0.53571428575,0.4266666665848887,0.5547619047571429
3,.X..X..O.,0.5444444444,49,....X..O.,0.53571428575,0.4266666665848887,0.3158730158571429
3,...XX..O.,0.7333333333,50,....X..O.,0.53571428575,0.4266666665848887,0.5047619047571429
3,....XX.O.,0.7333333333,51,....X..O.,0.53571428575,0.4266666665848887,0.5047619047571429
3,X...X..O.,0.7611111111,52,....X..O.,0.53571428575,0.4266666665848887,0.5325396825571429
3,..X.X..O.,0.7611111111,53,....X..O.,0.53571428575,0.4266666665848887,0.5325396825571429
3,....X.XO.,0.7833333333,54,....X..O.,0.53571428575,0.4266666665848887,0.5547619047571429
3,....X..OX,0.7833333333,55,....X..O.,0.53571428575,0.4266666665848887,0.5547619047571429
4,O.O.X...X,0.4,0,O...X...X,0.33174603177142853,-0.033492822930450195,0.4111111111
4,O...X.O.X,0.4,1,O...X...X,0.33174603177142853,-0.033492822930450195,0.4111111111
4,OO..X...X,0.5,2,O...X...X,0.33174603177142853,-0.033492822930450195,0.5111111111
4,O..OX...X,0.5,3,O...X...X,0.33174603177142853,-0.033492822930450195,0.5111111111
4,O...XO..X,0.5666666667,4,O...X...X,0.33174603177142853,-0.033492822930450195,0.5777777778
4,O...X..OX,0.5666666667,5,O...X...X,0.33174603177142853,-0.033492822930450195,0.5777777778
4,O..OXX...,0.4666666667,6,O...XX...,0.5039682539714285,0.3196850393790886,0.30555555558333336
4,O.O.XX...,0.5833333333,7,O...XX...,0.5039682539714285,0.3196850393790886,0.4222222221833334
4,O...XXO..,0.6,8,O...XX...,0.5039682539714285,0.3196850393790886,0.43888888888333333
4,OO..XX...,0.6833333333,9,O...XX...,0.5039682539714285,0.3196850393790886,0.5222222221833334
4,O...XX.O.,0.7666666667,10,O...XX...,0.5039682539714285,0.3196850393790886,0.6055555555833334
4,O...XX..O,0.8666666667,11,O...XX...,0.5039682539714285,0.3196850393790886,0.7055555555833334
4,OO..X..X.,0.4666666667,12,O...X..X.,0.5039682539714285,0.3196850393790886,0.30555555558333336
4,O...X.OX.,0.5833333333,13,O...X..X.,0.5039682539714285,0.3196850393790886,0.4222222221833334
4,O.O.X..X.,0.6,14,O...X..X.,0.5039682539714285,0.3196850393790886,0.43888888888333333
4,O..OX..X.,0.6833333333,15,O...X..X.,0.5039682539714285,0.3196850393790886,0.5222222221833334
4,O...XO.X.,0.7666666667,16,O...X..X.,0.5039682539714285,0.3196850393790886,0.6055555555833334
4,O...X..XO,0.8666666667,17,O...X..X.,0.5039682539714285,0.3196850393790886,0.7055555555833334
4,OX..X..O.,0.5333333333,18,OX..X....,0.5261904761714286,0.34841628957369813,0.3499999999833334
4,OX..X.O..,0.5833333333,19,OX..X....,0.5261904761714286,0.34841628957369813,0.39999999998333347
4,OX.OX....,0.65,20,OX..X....,0.5261904761714286,0.34841628957369813,0.46666666668333345
4,OXO.X....,0.7333333333,21,OX..X....,0.5261904761714286,0.34841628957369813,0.5499999999833334
4,OX..XO...,0.7333333333,22,OX..X....,0.5261904761714286,0.34841628957369813,0.5499999999833334
4,OX..X...O,0.8666666667,23,OX..X....,0.5261904761714286,0.34841628957369813,0.6833333333833335
4,O..XXO...,0.5333333333,24,O..XX....,0.5261904761714286,0.34841628957369813,0.3499999999833334
4,O.OXX....,0.5833333333,25,O..XX....,0.5261904761714286,0.34841628957369813,0.39999999998333347
4,OO.XX....,0.65,26,O..XX....,0.5261904761714286,0.34841628957369813,0.46666666668333345
4,O..XX.O..,0.7333333333,27,O..XX....,0.5261904761714286,0.34841628957369813,0.5499999999833334
4,O..XX..O.,0.7333333333,28,O..XX....,0.5261904761714286,0.34841628957369813,0.5499999999833334
4,O..XX...O,0.8666666667,29,O..XX....,0.5261904761714286,0.34841628957369813,0.6833333333833335
4,O.X.X.O..,0.4,30,O.X.X....,0.5539682539714286,0.3810888252227445,0.18888888888333333
4,O.XOX....,0.6666666667,31,O.X.X....,0.5539682539714286,0.3810888252227445,0.45555555558333327
4,O.X.XO...,0.7333333333,32,O.X.X....,0.5539682539714286,0.3810888252227445,0.5222222221833333
4,O.X.X..O.,0.7666666667,33,O.X.X....,0.5539682539714286,0.3810888252227445,0.5555555555833334
4,OOX.X....,0.8333333333,34,O.X.X....,0.5539682539714286,0.3810888252227445,0.6222222221833333
4,O.X.X...O,0.8666666667,35,O.X.X....,0.5539682539714286,0.3810888252227445,0.6555555555833333
4,O.O.X.X..,0.4,36,O...X.X..,0.5539682539714286,0.3810888252227445,0.18888888888333333
4,OO..X.X..,0.6666666667,37,O...X.X..,0.5539682539714286,0.3810888252227445,0.45555555558333327
4,O...X.XO.,0.7333333333,38,O...X.X..,0.5539682539714286,0.3810888252227445,0.5222222221833333
4,O...XOX..,0.7666666667,39,O...X.X..,0.5539682539714286,0.3810888252227445,0.5555555555833334
4,O..OX.X..,0.8333333333,40,O...X.X..,0.5539682539714286,0.3810888252227445,0.6222222221833333
4,O...X.X.O,0.8666666667,41,O...X.X..,0.5539682539714286,0.3810888252227445,0.6555555555833333
4,..O.X.X.O,0.4,42,..O.X.X..,0.33174603177142853,0.025119617273196504,0.39166666665000005
4,..O.XOX..,0.5,43,..O.X.X..,0.33174603177142853,0.025119617273196504,0.49166666665000003
4,..OOX.X..,0.5666666667,44,..O.X.X..,0.33174603177142853,0.025119617273196504,0.55833333335
4,..O.X.XO.,0.5666666667,45,..O.X.X..,0.33174603177142853,0.025119617273196504,0.55833333335
4,..OXXO...,0.4666666667,46,..OXX....,0.5039682539714285,0.34724409453560806,0.29166666667499996
4,..OXX...O,0.6,47,..OXX....,0.5039682539714285,0.34724409453560806,0.42499999997499993
4,..OXX..O.,0.7666666667,48,..OXX....,0.5039682539714285,0.34724409453560806,0.591666666675
4,..OXX.O..,0.8666666667,49,..OXX....,0.5039682539714285,0.34724409453560806,0.691666666675
4,..O.X..XO,0.5833333333,50,..O.X..X.,0.5039682539714285,0.4464566929105735,0.35833333330000006
4,..O.XO.X.,0.6833333333,51,..O.X..X.,0.5039682539714285,0.4464566929105735,0.45833333330000003
4,..OOX..X.,0.7666666667,52,..O.X..X.,0.5039682539714285,0.4464566929105735,0.5416666667000001
4,..O.X.OX.,0.8666666667,53,..O.X..X.,0.5039682539714285,0.4464566929105735,0.6416666667
4,.XO.X..O.,0.5333333333,54,.XO.X....,0.5261904761714286,0.3294117646924674,0.35999999998
4,.XO.X...O,0.5833333333,55,.XO.X....,0.5261904761714286,0.3294117646924674,0.40999999998000003
4,.XO.XO...,0.65,56,.XO.X....,0.5261904761714286,0.3294117646924674,0.47666666668
4,.XOOX....,0.7333333333,57,.XO.X....,0.5261904761714286,0.3294117646924674,0.5599999999799999
4,.XO.X.O..,0.8666666667,58,.XO.X....,0.5261904761714286,0.3294117646924674,0.69333333338
4,..OOXX...,0.5333333333,59,..O.XX...,0.5261904761714286,0.4117647058655843,0.31666666665
4,..O.XX.O.,0.7333333333,60,..O.XX...,0.5261904761714286,0.4117647058655843,0.5166666666499999
4,..O.XX..O,0.7333333333,61,..O.XX...,0.5261904761714286,0.4117647058655843,0.5166666666499999
4,..O.XXO..,0.8666666667,62,..O.XX...,0.5261904761714286,0.4117647058655843,0.65000000005
4,X.O.X...O,0.4,63,X.O.X....,0.5539682539714286,0.3369627507384701,0.21333333332000004
4,X.O.XO...,0.6666666667,64,X.O.X....,0.5539682539714286,0.3369627507384701,0.48000000002
4,X.OOX....,0.7333333333,65,X.O.X....,0.5539682539714286,0.3369627507384701,0.54666666662
4,X.O.X..O.,0.7666666667,66,X.O.X....,0.5539682539714286,0.3369627507384701,0.5800000000200001
4,X.O.X.O..,0.8666666667,67,X.O.X....,0.5539682539714286,0.3369627507384701,0.68000000002
4,..O.X..OX,0.7333333333,68,..O.X...X,0.5539682539714286,0.5415472779338594,0.4333333332999999
4,..OOX...X,0.7666666667,69,..O.X...X,0.5539682539714286,0.5415472779338594,0.4666666667
4,..O.XO..X,0.8333333333,70,..O.X...X,0.5539682539714286,0.5415472779338594,0.5333333333
4,..O.X.O.X,0.8666666667,71,..O.X...X,0.5539682539714286,0.5415472779338594,0.5666666667
4,..X.X.O.O,0.4,72,..X.X.O..,0.33174603177142853,-0.1507177033377441,0.45
4,..X.X.OO.,0.5,73,..X.X.O..,0.33174603177142853,-0.1507177033377441,0.55
4,.X..X.OO.,0.4666666667,74,.X..X.O..,0.5039682539714285,0.06614173231611879,0.43333333335
4,.X..X.O.O,0.6,75,.X..X.O..,0.5039682539714285,0.06614173231611879,0.56666666665
4,....XXO.O,0.5833333333,76,....XXO..,0.5039682539714285,0.26456692906604995,0.45000000000000007
4,....XXOO.,0.6833333333,77,....XXO..,0.5039682539714285,0.26456692906604995,0.55
4,...XX.O.O,0.5833333333,78,...XX.O..,0.5261904761714286,0.22171945698992657,0.46666666665
4,...XX.OO.,0.65,79,...XX.O..,0.5261904761714286,0.22171945698992657,0.53333333335
4,....X.OXO,0.7333333333,80,....X.OX.,0.5261904761714286,0.4434389139798529,0.5
4,X...X.O.O,0.4,81,X...X.O..,0.5539682539714286,0.06017191980051476,0.36666666665000003
4,X...X.OO.,0.6666666667,82,X...X.O..,0.5539682539714286,0.06017191980051476,0.63333333335
4,....X.OOX,0.8333333333,83,....X.O.X,0.5539682539714286,0.6017191976441163,0.5
4,.OO.X..X.,0.4666666667,84,.O..X..X.,0.3158730158571429,0.18994974868994702,0.40666666672000007
4,.O..X.OX.,0.5333333333,85,.O..X..X.,0.3158730158571429,0.18994974868994702,0.47333333332000005
4,.O..X..XO,0.5333333333,86,.O..X..X.,0.3158730158571429,0.18994974868994702,0.47333333332000005
4,.O.OX..X.,0.6333333333,87,.O..X..X.,0.3158730158571429,0.18994974868994702,0.57333333332
4,.O..XO.X.,0.6333333333,88,.O..X..X.,0.3158730158571429,0.18994974868994702,0.57333333332
4,.O.XXO...,0.6333333333,89,.O.XX....,0.5047619047571429,0.4952830188329743,0.38333333331999997
4,.OOXX....,0.6833333333,90,.O.XX....,0.5047619047571429,0.4952830188329743,0.43333333332
4,.O.XX.O..,0.7333333333,91,.O.XX....,0.5047619047571429,0.4952830188329743,0.48333333331999995
4,.O.XX...O,0.7666666667,92,.O.XX....,0.5047619047571429,0.4952830188329743,0.5166666667200001
4,.O.XX..O.,0.9333333333,93,.O.XX....,0.5047619047571429,0.4952830188329743,0.68333333332
4,.O.OXX...,0.6333333333,94,.O..XX...,0.5047619047571429,0.4820754716762461,0.3899999999799999
4,.OO.XX...,0.65,95,.O..XX...,0.5047619047571429,0.4820754716762461,0.40666666667999996
4,.O..XX..O,0.7333333333,96,.O..XX...,0.5047619047571429,0.4820754716762461,0.4899999999799999
4,.O..XXO..,0.7666666667,97,.O..XX...,0.5047619047571429,0.4820754716762461,0.52333333338
4,.O..XX.O.,0.9333333333,98,.O..XX...,0.5047619047571429,0.4820754716762461,0.68999999998
4,.OO.X.X..,0.5,99,.O..X.X..,0.5325396825571429,0.5257824142897657,0.21999999999999997
4,.O..X.X.O,0.7666666667,100,.O..X.X..,0.5325396825571429,0.5257824142897657,0.48666666670000003
4,.O.OX.X..,0.8333333333,101,.O..X.X..,0.5325396825571429,0.5257824142897657,0.5533333333
4,.O..XOX..,0.8666666667,102,.O..X.X..,0.5325396825571429,0.5257824142897657,0.5866666667
4,.O..X.XO.,0.9333333333,103,.O..X.X..,0.5325396825571429,0.5257824142897657,0.6533333333
4,.OO.X...X,0.6666666667,104,.O..X...X,0.5325396825571429,0.5883755588605896,0.35333333336000006
4,.O..X.O.X,0.7666666667,105,.O..X...X,0.5325396825571429,0.5883755588605896,0.45333333336000015
4,.O..XO..X,0.8333333333,106,.O..X...X,0.5325396825571429,0.5883755588605896,0.5199999999600001
4,.O.OX...X,0.8666666667,107,.O..X...X,0.5325396825571429,0.5883755588605896,0.5533333333600001
4,.O..X..OX,0.9333333333,108,.O..X...X,0.5325396825571429,0.5883755588605896,0.6199999999600001
4,XO..X...O,0.5666666667,109,XO..X....,0.5547619047571429,0.5107296137082465,0.28333333338333333
4,XO..X.O..,0.7333333333,110,XO..X....,0.5547619047571429,0.5107296137082465,0.4499999999833333
4,XO.OX....,0.8,111,XO..X....,0.5547619047571429,0.5107296137082465,0.5166666666833334
4,XOO.X....,0.8333333333,112,XO..X....,0.5547619047571429,0.5107296137082465,0.5499999999833334
4,XO..XO...,0.8333333333,113,XO..X....,0.5547619047571429,0.5107296137082465,0.5499999999833334
4,XO..X..O.,0.9333333333,114,XO..X....,0.5547619047571429,0.5107296137082465,0.6499999999833334
4,.OX.X.O..,0.5666666667,115,.OX.X....,0.5547619047571429,0.4927038626411388,0.2933333333800001
4,.OX.X...O,0.7333333333,116,.OX.X....,0.5547619047571429,0.4927038626411388,0.4599999999800001
4,.OX.XO...,0.8,117,.OX.X....,0.5547619047571429,0.4927038626411388,0.5266666666800002
4,.OXOX....,0.8333333333,118,.OX.X....,0.5547619047571429,0.4927038626411388,0.5599999999800002
4,.OX.X..O.,0.9333333333,119,.OX.X....,0.5547619047571429,0.4927038626411388,0.6599999999800001
4,...OXXO..,0.4666666667,120,...OXX...,0.3158730158571429,0.14070351755983418,0.4222222222666667
4,...OXX..O,0.5333333333,121,...OXX...,0.3158730158571429,0.14070351755983418,0.4888888888666667
4,...OXX.O.,0.6333333333,122,...OXX...,0.3158730158571429,0.14070351755983418,0.5888888888666667
4,.X.OX..O.,0.6333333333,123,.X.OX....,0.5047619047571429,0.503537735820788,0.37916666665
4,.X.OX.O..,0.6833333333,124,.X.OX....,0.5047619047571429,0.503537735820788,0.42916666665000003
4,.X.OX...O,0.7666666667,125,.X.OX....,0.5047619047571429,0.503537735820788,0.5125000000500001
4,.X.OXO...,0.9333333333,126,.X.OX....,0.5047619047571429,0.503537735820788,0.67916666665
4,...OX.OX.,0.65,127,...OX..X.,0.5047619047571429,0.5393081760616913,0.3777777778000001
4,...OX..XO,0.7333333333,128,...OX..X.,0.5047619047571429,0.5393081760616913,0.4611111111
4,...OXO.X.,0.9333333333,129,...OX..X.,0.5047619047571429,0.5393081760616913,0.6611111111000001
4,..XOX.O..,0.5,130,..XOX....,0.5325396825571429,0.5007451564820916,0.23333333332500006
4,..XOX...O,0.7666666667,131,..XOX....,0.5325396825571429,0.5007451564820916,0.5000000000250001
4,..XOX..O.,0.8666666667,132,..XOX....,0.5325396825571429,0.5007451564820916,0.6000000000250001
4,..XOXO...,0.9333333333,133,..XOX....,0.5325396825571429,0.5007451564820916,0.6666666666250001
4,...OX.O.X,0.6666666667,134,...OX...X,0.5325396825571429,0.5842026825233199,0.35555555559999985
4,...OX..OX,0.8333333333,135,...OX...X,0.5325396825571429,0.5842026825233199,0.5222222221999999
4,...OXO..X,0.9333333333,136,...OX...X,0.5325396825571429,0.5842026825233199,0.6222222221999999
4,X..OX...O,0.5666666667,137,X..OX....,0.5547619047571429,0.5257510729358434,0.2750000000499999
4,X..OX.O..,0.8333333333,138,X..OX....,0.5547619047571429,0.5257510729358434,0.54166666665
4,X..OX..O.,0.8333333333,139,X..OX....,0.5547619047571429,0.5257510729358434,0.54166666665
4,X..OXO...,0.9333333333,140,X..OX....,0.5547619047571429,0.5257510729358434,0.6416666666499999
4,...OX.X.O,0.7333333333,141,...OX.X..,0.5547619047571429,0.5808297567603505,0.41111111109999987
4,...OX.XO.,0.8,142,...OX.X..,0.5547619047571429,0.5808297567603505,0.47777777779999997
4,...OXOX..,0.9333333333,143,...OX.X..,0.5547619047571429,0.5808297567603505,0.6111111110999999
4,...XXO..O,0.4666666667,144,...XXO...,0.3158730158571429,0.14070351755983418,0.4222222222666667
4,...XXOO..,0.5333333333,145,...XXO...,0.3158730158571429,0.14070351755983418,0.4888888888666667
4,...XXO.O.,0.6333333333,146,...XXO...,0.3158730158571429,0.14070351755983418,0.5888888888666667
4,.X..XO.O.,0.6333333333,147,.X..XO...,0.5047619047571429,0.38522012576778525,0.43888888886666655
4,.X..XO..O,0.6833333333,148,.X..XO...,0.5047619047571429,0.38522012576778525,0.4888888888666666
4,.X..XOO..,0.7666666667,149,.X..XO...,0.5047619047571429,0.38522012576778525,0.5722222222666666
4,....XO.XO,0.65,150,....XO.X.,0.5047619047571429,0.3797169811026388,0.45833333335000004
4,....XOOX.,0.7333333333,151,....XO.X.,0.5047619047571429,0.3797169811026388,0.54166666665
4,X...XO..O,0.5,152,X...XO...,0.5325396825571429,0.39642324891099656,0.28888888886666664
4,X...XOO..,0.7666666667,153,X...XO...,0.5325396825571429,0.39642324891099656,0.5555555555666667
4,X...XO.O.,0.8666666667,154,X...XO...,0.5325396825571429,0.39642324891099656,0.6555555555666667
4,....XOX.O,0.6666666667,155,....XOX..,0.5325396825571429,0.46944858418729074,0.41666666669999997
4,....XOXO.,0.8333333333,156,....XOX..,0.5325396825571429,0.46944858418729074,0.5833333333
4,..X.XOO..,0.5666666667,157,..X.XO...,0.5547619047571429,0.4406294706561427,0.32222222226666664
4,..X.XO.O.,0.8333333333,158,..X.XO...,0.5547619047571429,0.4406294706561427,0.5888888888666667
4,..X.XO..O,0.8333333333,159,..X.XO...,0.5547619047571429,0.4406294706561427,0.5888888888666667
4,....XOO.X,0.7333333333,160,....XO..X,0.5547619047571429,0.4806866952530529,0.46666666665
4,....XO.OX,0.8,161,....XO..X,0.5547619047571429,0.4806866952530529,0.5333333333500001
4,.X..X..OO,0.4666666667,162,.X..X..O.,0.3158730158571429,-0.10552763809072999,0.5
4,...XX..OO,0.6833333333,163,...XX..O.,0.5047619047571429,0.36320754710720005,0.5
4,....XX.OO,0.65,164,....XX.O.,0.5047619047571429,0.29716981132355824,0.5
4,X...X..OO,0.5,165,X...X..O.,0.5325396825571429,0.0,0.5
4,..X.X..OO,0.6666666667,166,..X.X..O.,0.5325396825571429,0.3129657228541203,0.5
4,....X.XOO,0.8333333333,167,....X.XO.,0.5547619047571429,0.6008583690437842,0.5
5,O..OXX..X,0.25,0,O..OXX...,0.30555555558333336,-0.1818181817289255,0.3055555555333333
5,O..OXX.X.,0.4166666667,1,O..OXX...,0.30555555558333336,-0.1818181817289255,0.4722222222333333
5,O..OXXX..,0.6666666667,2,O..OXX...,0.30555555558333336,-0.1818181817289255,0.7222222222333332
5,O.O.XX..X,0.25,3,O.O.XX...,0.4222222221833334,-0.2631578947347645,0.3611111111
5,O.O.XXX..,0.4166666667,4,O.O.XX...,0.4222222221833334,-0.2631578947347645,0.5277777778
5,O.O.XX.X.,0.5,5,O.O.XX...,0.4222222221833334,-0.2631578947347645,0.6111111110999999
5,O...XXOX.,0.5,6,O...XXO..,0.43888888888333333,0.0,0.5
5,O...XXO.X,0.5,7,O...XXO..,0.43888888888333333,0.0,0.5
5,OO..XX.X.,0.4166666667,8,OO..XX...,0.5222222221833334,0.0,0.4166666667
5,OO..XX..X,0.5,9,OO..XX...,0.5222222221833334,0.0,0.5
5,OO..XXX..,0.5833333333,10,OO..XX...,0.5222222221833334,0.0,0.5833333333
5,O...XX.OX,0.6666666667,11,O...XX.O.,0.6055555555833334,0.3440366972594477,0.45833333335000004
5,O...XXXO.,0.75,12,O...XX.O.,0.6055555555833334,0.3440366972594477,0.5416666666500001
5,O...XX.XO,0.8333333333,13,O...XX..O,0.7055555555833334,0.5314960629712009,0.45833333330000003
5,O...XXX.O,0.9166666667,14,O...XX..O,0.7055555555833334,0.5314960629712009,0.5416666667
5,OO..X..XX,0.25,15,OO..X..X.,0.30555555558333336,-0.818181818107438,0.5
5,O...X.OXX,0.25,16,O...X.OX.,0.4222222221833334,-0.5921052632124306,0.5
5,O.O.X..XX,0.5,17,O.O.X..X.,0.43888888888333333,0.0,0.5
5,O..OX..XX,0.5,18,O..OX..X.,0.5222222221833334,0.0,0.5
5,O...XO.XX,0.6666666667,19,O...XO.X.,0.6055555555833334,0.2752293578405857,0.5
5,OX..X..OX,0.3333333333,20,OX..X..O.,0.3499999999833334,0.0952380952045351,0.29999999998
5,OXX.X..O.,0.5,21,OX..X..O.,0.3499999999833334,0.0952380952045351,0.46666666668
5,OX.XX..O.,0.5833333333,22,OX..X..O.,0.3499999999833334,0.0952380952045351,0.54999999998
5,OX..XX.O.,0.5833333333,23,OX..X..O.,0.3499999999833334,0.0952380952045351,0.54999999998
5,OX..X.XO.,0.6666666667,24,OX..X..O.,0.3499999999833334,0.0952380952045351,0.63333333338
5,OXX.X.O..,0.25,25,OX..X.O..,0.39999999998333347,-0.05208333331467007,0.270833333325
5,OX..X.O.X,0.4166666667,26,OX..X.O..,0.39999999998333347,-0.05208333331467007,0.437500000025
5,OX..XXO..,0.5,27,OX..X.O..,0.39999999998333347,-0.05208333331467007,0.5208333333249999
5,OX.XX.O..,0.75,28,OX..X.O..,0.39999999998333347,-0.05208333331467007,0.7708333333249999
5,OX.OXX...,0.4166666667,29,OX.OX....,0.46666666668333345,0.13392857142378822,0.3541666667
5,OX.OX...X,0.4166666667,30,OX.OX....,0.46666666668333345,0.13392857142378822,0.3541666667
5,OXXOX....,0.5833333333,31,OX.OX....,0.46666666668333345,0.13392857142378822,0.5208333333
5,OX.OX.X..,0.8333333333,32,OX.OX....,0.46666666668333345,0.13392857142378822,0.7708333333
5,OXO.X.X..,0.5833333333,33,OXO.X....,0.5499999999833334,0.3030303030091828,0.41666666664999996
5,OXO.X...X,0.5833333333,34,OXO.X....,0.5499999999833334,0.3030303030091828,0.41666666664999996
5,OXOXX....,0.75,35,OXO.X....,0.5499999999833334,0.3030303030091828,0.5833333333499999
5,OXO.XX...,0.75,36,OXO.X....,0.5499999999833334,0.3030303030091828,0.5833333333499999
5,OX.XXO...,0.5833333333,37,OX..XO...,0.5499999999833334,0.3030303030091828,0.41666666664999996
5,OX..XO..X,0.5833333333,38,OX..XO...,0.5499999999833334,0.3030303030091828,0.41666666664999996
5,OXX.XO...,0.75,39,OX..XO...,0.5499999999833334,0.3030303030091828,0.5833333333499999
5,OX..XOX..,0.75,40,OX..XO...,0.5499999999833334,0.3030303030091828,0.5833333333499999
5,OXX.X...O,0.75,41,OX..X...O,0.6833333333833335,0.4878048780008923,0.41666666667499996
5,OX.XX...O,0.8333333333,42,OX..X...O,0.6833333333833335,0.4878048780008923,0.499999999975
5,OX..XX..O,0.8333333333,43,OX..X...O,0.6833333333833335,0.4878048780008923,0.499999999975
5,OX..X.X.O,0.9166666667,44,OX..X...O,0.6833333333833335,0.4878048780008923,0.5833333333749999
5,O..XXO..X,0.3333333333,45,O..XXO...,0.3499999999833334,-0.0793650794323509,0.36111111110000005
5,O..XXOX..,0.5,46,O..XXO...,0.3499999999833334,-0.0793650794323509,0.5277777778000001
5,O..XXO.X.,0.5833333333,47,O..XXO...,0.3499999999833334,-0.0793650794323509,0.6111111111
5,O.OXX.X..,0.25,48,O.OXX....,0.39999999998333347,-0.277777777761574,0.3611111111
5,O.OXX...X,0.4166666667,49,O.OXX....,0.39999999998333347,-0.277777777761574,0.5277777778
5,O.OXX..X.,0.5,50,O.OXX....,0.39999999998333347,-0.277777777761574,0.6111111111
5,OO.XX..X.,0.4166666667,51,OO.XX....,0.46666666668333345,-0.05952380949787404,0.44444444446666664
5,OO.XX...X,0.4166666667,52,OO.XX....,0.46666666668333345,-0.05952380949787404,0.44444444446666664
5,OO.XX.X..,0.5833333333,53,OO.XX....,0.46666666668333345,-0.05952380949787404,0.6111111110666667
5,O..XX.O.X,0.5833333333,54,O..XX.O..,0.5499999999833334,0.3030303030091828,0.41666666664999996
5,O..XX.OX.,0.75,55,O..XX.O..,0.5499999999833334,0.3030303030091828,0.5833333333499999
5,O..XX..OX,0.5833333333,56,O..XX..O.,0.5499999999833334,0.3030303030091828,0.41666666664999996
5,O..XX.XO.,0.75,57,O..XX..O.,0.5499999999833334,0.3030303030091828,0.5833333333499999
5,O..XX.X.O,0.75,58,O..XX...O,0.6833333333833335,0.4268292682370613,0.4583333333499999
5,O..XX..XO,0.8333333333,59,O..XX...O,0.6833333333833335,0.4268292682370613,0.54166666665
5,O.X.X.O.X,0.25,60,O.X.X.O..,0.18888888888333333,-0.3308823529509083,0.3125
5,O.X.X.OX.,0.4166666667,61,O.X.X.O..,0.18888888888333333,-0.3308823529509083,0.4791666667
5,O.X.XXO..,0.5,62,O.X.X.O..,0.18888888888333333,-0.3308823529509083,0.5625
5,O.XXX.O..,0.5833333333,63,O.X.X.O..,0.18888888888333333,-0.3308823529509083,0.6458333333
5,O.XOXX...,0.5833333333,64,O.XOX....,0.45555555558333327,0.18292682918396796,0.5
5,O.XOX..X.,0.5833333333,65,O.XOX....,0.45555555558333327,0.18292682918396796,0.5
5,O.XOX...X,0.5833333333,66,O.XOX....,0.45555555558333327,0.18292682918396796,0.5
5,O.X.XO..X,0.5,67,O.X.XO...,0.5222222221833333,0.26595744684959255,0.36111111110000005
5,O.XXXO...,0.6666666667,68,O.X.XO...,0.5222222221833333,0.26595744684959255,0.5277777778
5,O.X.XO.X.,0.75,69,O.X.XO...,0.5222222221833333,0.26595744684959255,0.6111111111
5,O.XXX..O.,0.75,70,O.X.X..O.,0.5555555555833334,0.499999999955,0.4722222222333333
5,O.X.X..OX,0.75,71,O.X.X..O.,0.5555555555833334,0.499999999955,0.4722222222333333
5,O.X.XX.O.,0.8333333333,72,O.X.X..O.,0.5555555555833334,0.499999999955,0.5555555555333334
5,OOX.X..X.,0.6666666667,73,OOX.X....,0.6222222221833333,0.4687500000426897,0.375000000025
5,OOX.X...X,0.75,74,OOX.X....,0.6222222221833333,0.4687500000426897,0.45833333332500004
5,OOXXX....,0.8333333333,75,OOX.X....,0.6222222221833333,0.4687500000426897,0.5416666666250001
5,OOX.XX...,0.9166666667,76,OOX.X....,0.6222222221833333,0.4687500000426897,0.625000000025
5,O.X.XX..O,0.75,77,O.X.X...O,0.6555555555833333,0.5508474576376758,0.3888888888666667
5,O.XXX...O,0.9166666667,78,O.X.X...O,0.6555555555833333,0.5508474576376758,0.5555555555666667
5,O.X.X..XO,0.9166666667,79,O.X.X...O,0.6555555555833333,0.5508474576376758,0.5555555555666667
5,O.O.X.X.X,0.25,80,O.O.X.X..,0.18888888888333333,-0.6617647059018166,0.375
5,O.O.X.XX.,0.5,81,O.O.X.X..,0.18888888888333333,-0.6617647059018166,0.625
5,OO..X.XX.,0.5833333333,82,OO..X.X..,0.45555555558333327,0.18292682918396796,0.5
5,OO..X.X.X,0.5833333333,83,OO..X.X..,0.45555555558333327,0.18292682918396796,0.5
5,O...X.XOX,0.5,84,O...X.XO.,0.5222222221833333,0.0,0.5
5,O...XOX.X,0.75,85,O...XOX..,0.5555555555833334,0.5249999999437501,0.4583333333499999
5,O...XOXX.,0.8333333333,86,O...XOX..,0.5555555555833334,0.5249999999437501,0.54166666665
5,O..OX.X.X,0.75,87,O..OX.X..,0.6222222221833333,0.5357142857745535,0.4166666666500001
5,O..OX.XX.,0.9166666667,88,O..OX.X..,0.6222222221833333,0.5357142857745535,0.58333333335
5,O...X.XXO,0.75,89,O...X.X.O,0.6555555555833333,0.3813559321872307,0.5
5,..O.X.XXO,0.25,90,..O.X.X.O,0.39166666665000005,-0.6382978723675871,0.5
5,..O.XOXX.,0.5,91,..O.XOX..,0.49166666665000003,0.2542372881442114,0.375
5,..O.XOX.X,0.75,92,..O.XOX..,0.49166666665000003,0.2542372881442114,0.625
5,..OOX.XX.,0.6666666667,93,..OOX.X..,0.55833333335,0.37313432837692123,0.45833333335000004
5,..OOX.X.X,0.75,94,..OOX.X..,0.55833333335,0.37313432837692123,0.5416666666500001
5,..O.X.XOX,0.5,95,..O.X.XO.,0.55833333335,0.0,0.5
5,..OXXOX..,0.25,96,..OXXO...,0.29166666667499996,-0.19047619039455774,0.3055555555333333
5,..OXXO.X.,0.4166666667,97,..OXXO...,0.29166666667499996,-0.19047619039455774,0.4722222222333333
5,..OXXO..X,0.6666666667,98,..OXXO...,0.29166666667499996,-0.19047619039455774,0.7222222222333332
5,..OXX.X.O,0.5,99,..OXX...O,0.42499999997499993,0.0,0.5
5,..OXX..XO,0.5,100,..OXX...O,0.42499999997499993,0.0,0.5
5,..OXX.XO.,0.6666666667,101,..OXX..O.,0.591666666675,0.3521126760795476,0.45833333335000004
5,..OXX..OX,0.75,102,..OXX..O.,0.591666666675,0.3521126760795476,0.5416666666500001
5,..OXX.OX.,0.8333333333,103,..OXX.O..,0.691666666675,0.542168674692263,0.45833333330000003
5,..OXX.O.X,0.9166666667,104,..OXX.O..,0.691666666675,0.542168674692263,0.5416666667
5,..O.XO.XX,0.9166666667,105,..O.XO.X.,0.45833333330000003,0.9090909092297519,0.5
5,..OOX..XX,0.8333333333,106,..OOX..X.,0.5416666667000001,0.615384615285207,0.5
5,..O.X.OXX,0.75,107,..O.X.OX.,0.6416666667,0.3896103895901501,0.5
5,.XO.X.XO.,0.3333333333,108,.XO.X..O.,0.35999999998,0.11574074070087438,0.29166666665
5,.XOXX..O.,0.5833333333,109,.XO.X..O.,0.35999999998,0.11574074070087438,0.5416666666500001
5,.XO.XX.O.,0.5833333333,110,.XO.X..O.,0.35999999998,0.11574074070087438,0.5416666666500001
5,.XO.X..OX,0.6666666667,111,.XO.X..O.,0.35999999998,0.11574074070087438,0.62500000005
5,.XO.X.X.O,0.4166666667,112,.XO.X...O,0.40999999998000003,0.13550135504726027,0.36111111113333333
5,.XOXX...O,0.5,113,.XO.X...O,0.40999999998000003,0.13550135504726027,0.4444444444333333
5,.XO.XX..O,0.75,114,.XO.X...O,0.40999999998000003,0.13550135504726027,0.6944444444333333
5,.XOXXO...,0.4166666667,115,.XO.XO...,0.47666666668,0.11655011657016648,0.36111111113333333
5,.XO.XOX..,0.4166666667,116,.XO.XO...,0.47666666668,0.11655011657016648,0.36111111113333333
5,.XO.XO..X,0.8333333333,117,.XO.XO...,0.47666666668,0.11655011657016648,0.7777777777333333
5,.XOOXX...,0.5833333333,118,.XOOX....,0.5599999999799999,0.24801587298504832,0.4444444444333333
5,.XOOX.X..,0.5833333333,119,.XOOX....,0.5599999999799999,0.24801587298504832,0.4444444444333333
5,.XOOX...X,0.75,120,.XOOX....,0.5599999999799999,0.24801587298504832,0.6111111111333333
5,.XOXX.O..,0.8333333333,121,.XO.X.O..,0.69333333338,0.5208333332822517,0.4722222222
5,.XO.XXO..,0.8333333333,122,.XO.X.O..,0.69333333338,0.5208333332822517,0.4722222222
5,.XO.X.O.X,0.9166666667,123,.XO.X.O..,0.69333333338,0.5208333332822517,0.5555555555999999
5,..OOXXX..,0.3333333333,124,..OOXX...,0.31666666665,-0.08771929832040651,0.36111111110000005
5,..OOXX..X,0.5,125,..OOXX...,0.31666666665,-0.08771929832040651,0.5277777778000001
5,..OOXX.X.,0.5833333333,126,..OOXX...,0.31666666665,-0.08771929832040651,0.6111111111
5,..O.XXXO.,0.5833333333,127,..O.XX.O.,0.5166666666499999,0.32258064513943824,0.41666666664999996
5,..O.XX.OX,0.75,128,..O.XX.O.,0.5166666666499999,0.32258064513943824,0.5833333333499999
5,..O.XXX.O,0.5833333333,129,..O.XX..O,0.5166666666499999,0.32258064513943824,0.41666666664999996
5,..O.XX.XO,0.75,130,..O.XX..O,0.5166666666499999,0.32258064513943824,0.5833333333499999
5,..O.XXO.X,0.75,131,..O.XXO..,0.65000000005,0.448717948657791,0.4583333333499999
5,..O.XXOX.,0.8333333333,132,..O.XXO..,0.65000000005,0.448717948657791,0.54166666665
5,XXO.X...O,0.25,133,X.O.X...O,0.21333333332000004,-0.4687500000292967,0.35
5,X.O.X.X.O,0.25,134,X.O.X...O,0.21333333332000004,-0.4687500000292967,0.35
5,X.O.X..XO,0.4166666667,135,X.O.X...O,0.21333333332000004,-0.4687500000292967,0.5166666666999999
5,X.OXX...O,0.5,136,X.O.X...O,0.21333333332000004,-0.4687500000292967,0.6
5,X.O.XX..O,0.5833333333,137,X.O.X...O,0.21333333332000004,-0.4687500000292967,0.6833333333
5,XXO.XO...,0.5833333333,138,X.O.XO...,0.48000000002,0.17361111103443294,0.5
5,X.OXXO...,0.5833333333,139,X.O.XO...,0.48000000002,0.17361111103443294,0.5
5,X.O.XOX..,0.5833333333,140,X.O.XO...,0.48000000002,0.17361111103443294,0.5
5,X.O.XO.X.,0.5833333333,141,X.O.XO...,0.48000000002,0.17361111103443294,0.5
5,X.OOX.X..,0.5,142,X.OOX....,0.54666666662,0.30487804882175784,0.33333333332500004
5,X.OOXX...,0.6666666667,143,X.OOX....,0.54666666662,0.30487804882175784,0.500000000025
5,XXOOX....,0.75,144,X.OOX....,0.54666666662,0.30487804882175784,0.583333333325
5,X.OOX..X.,0.75,145,X.OOX....,0.54666666662,0.30487804882175784,0.583333333325
5,XXO.X..O.,0.5,146,X.O.X..O.,0.5800000000200001,0.35919540227209673,0.29166666667499996
5,X.O.XX.O.,0.75,147,X.O.X..O.,0.5800000000200001,0.35919540227209673,0.541666666675
5,X.O.X.XO.,0.75,148,X.O.X..O.,0.5800000000200001,0.35919540227209673,0.541666666675
5,X.OXX..O.,0.8333333333,149,X.O.X..O.,0.5800000000200001,0.35919540227209673,0.624999999975
5,XXO.X.O..,0.75,150,X.O.X.O..,0.68000000002,0.4901960784414647,0.4166666666500001
5,X.OXX.O..,0.75,151,X.O.X.O..,0.68000000002,0.4901960784414647,0.4166666666500001
5,X.O.XXO..,0.9166666667,152,X.O.X.O..,0.68000000002,0.4901960784414647,0.58333333335
5,X.O.X.OX.,0.9166666667,153,X.O.X.O..,0.68000000002,0.4901960784414647,0.58333333335
5,..X.XXO.O,0.25,154,..X.X.O.O,0.45,-0.18518518518518515,0.3333333333333333
5,..XXX.O.O,0.4166666667,155,..X.X.O.O,0.45,-0.18518518518518515,0.5000000000333333
5,..X.X.OXO,0.5833333333,156,..X.X.O.O,0.45,-0.18518518518518515,0.6666666666333334
5,..XXX.OO.,0.4166666667,157,..X.X.OO.,0.55,0.10101010103030307,0.36111111113333333
5,..X.XXOO.,0.5,158,..X.X.OO.,0.55,0.10101010103030307,0.4444444444333333
5,..X.X.OOX,0.75,159,..X.X.OO.,0.55,0.10101010103030307,0.6944444444333333
5,.XX.X.OO.,0.25,160,.X..X.OO.,0.43333333335,-0.14423076916752958,0.312499999975
5,.X.XX.OO.,0.4166666667,161,.X..X.OO.,0.43333333335,-0.14423076916752958,0.479166666675
5,.X..XXOO.,0.4166666667,162,.X..X.OO.,0.43333333335,-0.14423076916752958,0.479166666675
5,.X..X.OOX,0.6666666667,163,.X..X.OO.,0.43333333335,-0.14423076916752958,0.729166666675
5,.XX.X.O.O,0.5,164,.X..X.O.O,0.56666666665,0.0,0.5
5,.X.XX.O.O,0.5,165,.X..X.O.O,0.56666666665,0.0,0.5
5,.X..XXO.O,0.5,166,.X..X.O.O,0.56666666665,0.0,0.5
5,....XXOXO,0.75,167,....XXO.O,0.45000000000000007,0.5555555555555555,0.5
5,....XXOOX,0.9166666667,168,....XXOO.,0.55,0.7575757576363635,0.5
5,...XX.OXO,0.75,169,...XX.O.O,0.46666666665,0.5357142857334184,0.5
5,...XX.OOX,0.8333333333,170,...XX.OO.,0.53333333335,0.6249999999179688,0.5
5,X.X.X.O.O,0.25,171,X...X.O.O,0.36666666665000003,-0.27272727273966935,0.35
5,X..XX.O.O,0.25,172,X...X.O.O,0.36666666665000003,-0.27272727273966935,0.35
5,X...XXO.O,0.4166666667,173,X...X.O.O,0.36666666665000003,-0.27272727273966935,0.5166666666999999
5,XX..X.O.O,0.5,174,X...X.O.O,0.36666666665000003,-0.27272727273966935,0.6
5,X...X.OXO,0.5833333333,175,X...X.O.O,0.36666666665000003,-0.27272727273966935,0.6833333333
5,XX..X.OO.,0.5833333333,176,X...X.OO.,0.63333333335,0.13157894731232692,0.5
5,X.X.X.OO.,0.5833333333,177,X...X.OO.,0.63333333335,0.13157894731232692,0.5
5,X..XX.OO.,0.5833333333,178,X...X.OO.,0.63333333335,0.13157894731232692,0.5
5,X...XXOO.,0.5833333333,179,X...X.OO.,0.63333333335,0.13157894731232692,0.5
5,.OO.X..XX,0.5833333333,180,.OO.X..X.,0.40666666672000007,0.2049180326780436,0.5
5,.O..X.OXX,0.5,181,.O..X.OX.,0.47333333332000005,0.0,0.5
5,.O.OX..XX,0.75,182,.O.OX..X.,0.57333333332,0.4360465116380476,0.5
5,.O..XO.XX,0.75,183,.O..XO.X.,0.57333333332,0.4360465116380476,0.5
5,.O.XXO.X.,0.3333333333,184,.O.XXO...,0.38333333331999997,0.21739130435538764,0.2499999999666666
5,.O.XXO..X,0.6666666667,185,.O.XXO...,0.38333333331999997,0.21739130435538764,0.5833333333666666
5,.O.XXOX..,0.75,186,.O.XXO...,0.38333333331999997,0.21739130435538764,0.6666666666666666
5,.OOXX..X.,0.4166666667,187,.OOXX....,0.43333333332,0.0,0.4166666667
5,.OOXX.X..,0.5,188,.OOXX....,0.43333333332,0.0,0.5
5,.OOXX...X,0.5833333333,189,.OOXX....,0.43333333332,0.0,0.5833333333
5,.O.XX.OX.,0.5833333333,190,.O.XX.O..,0.48333333331999995,0.3448275861819265,0.41666666664999996
5,.O.XX.O.X,0.75,191,.O.XX.O..,0.48333333331999995,0.3448275861819265,0.5833333333499999
5,.O.XX..XO,0.5833333333,192,.O.XX...O,0.5166666667200001,0.4032258063454735,0.375
5,.O.XX.X.O,0.8333333333,193,.O.XX...O,0.5166666667200001,0.4032258063454735,0.625
5,.O.XX.XO.,0.9166666667,194,.O.XX..O.,0.68333333332,0.6097560976216537,0.5
5,.O.XX..OX,0.9166666667,195,.O.XX..O.,0.68333333332,0.6097560976216537,0.5
5,.O.OXX.X.,0.3333333333,196,.O.OXX...,0.3899999999799999,0.21367521368617154,0.2499999999666666
5,.O.OXXX..,0.6666666667,197,.O.OXX...,0.3899999999799999,0.21367521368617154,0.5833333333666666
5,.O.OXX..X,0.75,198,.O.OXX...,0.3899999999799999,0.21367521368617154,0.6666666666666666
5,.OO.XXX..,0.4166666667,199,.OO.XX...,0.40666666667999996,-0.06830601089939971,0.44444444446666664
5,.OO.XX.X.,0.4166666667,200,.OO.XX...,0.40666666667999996,-0.06830601089939971,0.44444444446666664
5,.OO.XX..X,0.5833333333,201,.OO.XX...,0.40666666667999996,-0.06830601089939971,0.6111111110666667
5,.O..XX.XO,0.5833333333,202,.O..XX..O,0.4899999999799999,0.34013605440163847,0.41666666664999996
5,.O..XXX.O,0.75,203,.O..XX..O,0.4899999999799999,0.34013605440163847,0.5833333333499999
5,.O..XXOX.,0.5833333333,204,.O..XXO..,0.52333333338,0.3980891718753297,0.375
5,.O..XXO.X,0.8333333333,205,.O..XXO..,0.52333333338,0.3980891718753297,0.625
5,.O..XXXO.,0.9166666667,206,.O..XX.O.,0.68999999998,0.6038647343653294,0.5
5,.O..XX.OX,0.9166666667,207,.O..XX.O.,0.68999999998,0.6038647343653294,0.5
5,.OO.X.XX.,0.25,208,.OO.X.X..,0.21999999999999997,-0.37878787886363635,0.33333333335
5,.OO.X.X.X,0.5833333333,209,.OO.X.X..,0.21999999999999997,-0.37878787886363635,0.6666666666500001
5,.O..X.XXO,0.5,210,.O..X.X.O,0.48666666670000003,0.0,0.5
5,.O.OX.XX.,0.75,211,.O.OX.X..,0.5533333333,0.6024096386206269,0.4166666666500001
5,.O.OX.X.X,0.9166666667,212,.O.OX.X..,0.5533333333,0.6024096386206269,0.58333333335
5,.O..XOXX.,0.75,213,.O..XOX..,0.5866666667,0.5681818181779441,0.4166666666500001
5,.O..XOX.X,0.9166666667,214,.O..XOX..,0.5866666667,0.5681818181779441,0.58333333335
5,.O..X.XOX,0.8333333333,215,.O..X.XO.,0.6533333333,0.5102040816076635,0.5
5,XO..X..XO,0.3333333333,216,XO..X...O,0.28333333338333333,0.23529411758200686,0.26666666664
5,XOX.X...O,0.5,217,XO..X...O,0.28333333338333333,0.23529411758200686,0.43333333334
5,XO..XX..O,0.5833333333,218,XO..X...O,0.28333333338333333,0.23529411758200686,0.51666666664
5,XO.XX...O,0.6666666667,219,XO..X...O,0.28333333338333333,0.23529411758200686,0.60000000004
5,XO..X.X.O,0.75,220,XO..X...O,0.28333333338333333,0.23529411758200686,0.68333333334
5,XOX.X.O..,0.5,221,XO..X.O..,0.4499999999833333,0.3703703704026063,0.33333333332500004
5,XO..X.OX.,0.6666666667,222,XO..X.O..,0.4499999999833333,0.3703703704026063,0.500000000025
5,XO.XX.O..,0.75,223,XO..X.O..,0.4499999999833333,0.3703703704026063,0.583333333325
5,XO..XXO..,0.75,224,XO..X.O..,0.4499999999833333,0.3703703704026063,0.583333333325
5,XO.OXX...,0.6666666667,225,XO.OX....,0.5166666666833334,0.4838709677263267,0.41666666669999997
5,XO.OX..X.,0.6666666667,226,XO.OX....,0.5166666666833334,0.4838709677263267,0.41666666669999997
5,XOXOX....,0.8333333333,227,XO.OX....,0.5166666666833334,0.4838709677263267,0.5833333333
5,XO.OX.X..,0.8333333333,228,XO.OX....,0.5166666666833334,0.4838709677263267,0.5833333333
5,XOO.X..X.,0.6666666667,229,XOO.X....,0.5499999999833334,0.5303030303342515,0.375000000025
5,XOO.X.X..,0.75,230,XOO.X....,0.5499999999833334,0.5303030303342515,0.45833333332500004
5,XOO.XX...,0.8333333333,231,XOO.X....,0.5499999999833334,0.5303030303342515,0.5416666666250001
5,XOOXX....,0.9166666667,232,XOO.X....,0.5499999999833334,0.5303030303342515,0.625000000025
5,XO..XO.X.,0.6666666667,233,XO..XO...,0.5499999999833334,0.5303030303342515,0.375000000025
5,XO.XXO...,0.75,234,XO..XO...,0.5499999999833334,0.5303030303342515,0.45833333332500004
5,XOX.XO...,0.8333333333,235,XO..XO...,0.5499999999833334,0.5303030303342515,0.5416666666250001
5,XO..XOX..,0.9166666667,236,XO..XO...,0.5499999999833334,0.5303030303342515,0.625000000025
5,XOX.X..O.,0.8333333333,237,XO..X..O.,0.6499999999833334,0.598290598323033,0.4444444444000001
5,XO.XX..O.,0.9166666667,238,XO..X..O.,0.6499999999833334,0.598290598323033,0.5277777778
5,XO..XX.O.,0.9166666667,239,XO..X..O.,0.6499999999833334,0.598290598323033,0.5277777778
5,.OX.X.OX.,0.3333333333,240,.OX.X.O..,0.2933333333800001,0.2840909090173037,0.24999999997499994
5,.OXXX.O..,0.5833333333,241,.OX.X.O..,0.2933333333800001,0.2840909090173037,0.499999999975
5,.OX.XXO..,0.6666666667,242,.OX.X.O..,0.2933333333800001,0.2840909090173037,0.5833333333749999
5,.OX.X.O.X,0.75,243,.OX.X.O..,0.2933333333800001,0.2840909090173037,0.666666666675
5,.OX.X..XO,0.6666666667,244,.OX.X...O,0.4599999999800001,0.483091787484772,0.44444444446666664
5,.OXXX...O,0.75,245,.OX.X...O,0.4599999999800001,0.483091787484772,0.5277777777666667
5,.OX.XX..O,0.75,246,.OX.X...O,0.4599999999800001,0.483091787484772,0.5277777777666667
5,.OXXXO...,0.6666666667,247,.OX.XO...,0.5266666666800002,0.42194092828045704,0.44444444446666664
5,.OX.XO.X.,0.6666666667,248,.OX.XO...,0.5266666666800002,0.42194092828045704,0.44444444446666664
5,.OX.XO..X,0.8333333333,249,.OX.XO...,0.5266666666800002,0.42194092828045704,0.6111111110666667
5,.OXOX..X.,0.6666666667,250,.OXOX....,0.5599999999800002,0.4960317460891437,0.38888888890000006
5,.OXOXX...,0.75,251,.OXOX....,0.5599999999800002,0.4960317460891437,0.4722222222000001
5,.OXOX...X,0.9166666667,252,.OXOX....,0.5599999999800002,0.4960317460891437,0.6388888889000001
5,.OXXX..O.,0.9166666667,253,.OX.X..O.,0.6599999999800001,0.6313131313827669,0.5
5,.OX.XX.O.,0.9166666667,254,.OX.X..O.,0.6599999999800001,0.6313131313827669,0.5
5,...OXXOX.,0.4166666667,255,...OXXO..,0.4222222222666667,0.0,0.4166666667
5,...OXXO.X,0.5833333333,256,...OXXO..,0.4222222222666667,0.0,0.5833333333
5,...OXX.XO,0.5833333333,257,...OXX..O,0.4888888888666667,0.25568181819344005,0.45833333330000003
5,...OXXX.O,0.6666666667,258,...OXX..O,0.4888888888666667,0.25568181819344005,0.5416666667
5,...OXXXO.,0.6666666667,259,...OXX.O.,0.5888888888666667,0.3537735849473121,0.45833333335000004
5,...OXX.OX,0.75,260,...OXX.O.,0.5888888888666667,0.3537735849473121,0.5416666666500001
5,.X.OXX.O.,0.3333333333,261,.X.OX..O.,0.37916666665,0.2747252747593285,0.22916666662500002
5,.X.OX.XO.,0.6666666667,262,.X.OX..O.,0.37916666665,0.2747252747593285,0.562500000025
5,.X.OX..OX,0.6666666667,263,.X.OX..O.,0.37916666665,0.2747252747593285,0.562500000025
5,.XXOX..O.,0.75,264,.X.OX..O.,0.37916666665,0.2747252747593285,0.645833333325
5,.X.OXXO..,0.4166666667,265,.X.OX.O..,0.42916666665000003,0.0,0.4166666667
5,.XXOX.O..,0.5,266,.X.OX.O..,0.42916666665000003,0.0,0.5
5,.X.OX.O.X,0.5833333333,267,.X.OX.O..,0.42916666665000003,0.0,0.5833333333
5,.X.OXX..O,0.5833333333,268,.X.OX...O,0.5125000000500001,0.43360433595769726,0.36111111109999994
5,.X.OX.X.O,0.75,269,.X.OX...O,0.5125000000500001,0.43360433595769726,0.5277777777999999
5,.XXOX...O,0.8333333333,270,.X.OX...O,0.5125000000500001,0.43360433595769726,0.6111111110999999
5,.XXOXO...,0.9166666667,271,.X.OXO...,0.67916666665,0.6134969325794722,0.5
5,.X.OXOX..,0.9166666667,272,.X.OXO...,0.67916666665,0.6134969325794722,0.5
5,.X.OXO..X,0.9166666667,273,.X.OXO...,0.67916666665,0.6134969325794722,0.5
5,...OX.OXX,0.5833333333,274,...OX.OX.,0.3777777778000001,0.2205882351929066,0.5
5,...OXO.XX,0.9166666667,275,...OXO.X.,0.6611111111000001,0.6302521009013486,0.5
5,..XOXXO..,0.25,276,..XOX.O..,0.23333333332500006,-0.35714285715561206,0.3333333333333333
5,..XOX.OX.,0.4166666667,277,..XOX.O..,0.23333333332500006,-0.35714285715561206,0.5000000000333333
5,..XOX.O.X,0.5833333333,278,..XOX.O..,0.23333333332500006,-0.35714285715561206,0.6666666666333334
5,..XOXX..O,0.5,279,..XOX...O,0.5000000000250001,0.24999999998749994,0.375
5,..XOX..XO,0.75,280,..XOX...O,0.5000000000250001,0.24999999998749994,0.625
5,..XOXX.O.,0.75,281,..XOX..O.,0.6000000000250001,0.555555555560185,0.4166666666500001
5,..XOX..OX,0.9166666667,282,..XOX..O.,0.6000000000250001,0.555555555560185,0.58333333335
5,..XOXO..X,0.8333333333,283,..XOXO...,0.6666666666250001,0.5625000000351562,0.45833333330000003
5,..XOXO.X.,0.9166666667,284,..XOXO...,0.6666666666250001,0.5625000000351562,0.5416666667
5,X..OXX..O,0.3333333333,285,X..OX...O,0.2750000000499999,0.2424242423559229,0.26666666664
5,X..OX.X.O,0.5,286,X..OX...O,0.2750000000499999,0.2424242423559229,0.43333333334
5,X..OX..XO,0.5833333333,287,X..OX...O,0.2750000000499999,0.2424242423559229,0.51666666664
5,XX.OX...O,0.6666666667,288,X..OX...O,0.2750000000499999,0.2424242423559229,0.60000000004
5,X.XOX...O,0.75,289,X..OX...O,0.2750000000499999,0.2424242423559229,0.68333333334
5,X..OXXO..,0.6666666667,290,X..OX.O..,0.54166666665,0.5384615384934911,0.375000000025
5,X.XOX.O..,0.75,291,X..OX.O..,0.54166666665,0.5384615384934911,0.45833333332500004
5,X..OX.OX.,0.8333333333,292,X..OX.O..,0.54166666665,0.5384615384934911,0.5416666666250001
5,XX.OX.O..,0.9166666667,293,X..OX.O..,0.54166666665,0.5384615384934911,0.625000000025
5,X..OXX.O.,0.6666666667,294,X..OX..O.,0.54166666665,0.5384615384934911,0.375000000025
5,XX.OX..O.,0.75,295,X..OX..O.,0.54166666665,0.5384615384934911,0.45833333332500004
5,X..OX.XO.,0.8333333333,296,X..OX..O.,0.54166666665,0.5384615384934911,0.5416666666250001
5,X.XOX..O.,0.9166666667,297,X..OX..O.,0.54166666665,0.5384615384934911,0.625000000025
5,X..OXOX..,0.8333333333,298,X..OXO...,0.6416666666499999,0.6060606060936639,0.4444444444000001
5,XX.OXO...,0.9166666667,299,X..OXO...,0.6416666666499999,0.6060606060936639,0.5277777778
5,X..OXO.X.,0.9166666667,300,X..OXO...,0.6416666666499999,0.6060606060936639,0.5277777778
5,...OX.XXO,0.75,301,...OX.X.O,0.41111111109999987,0.6081081081245436,0.5
5,...OX.XOX,0.8333333333,302,...OX.XO.,0.47777777779999997,0.6976744185024338,0.5
5,...OXOXX.,0.9166666667,303,...OXOX..,0.6111111110999999,0.681818181885124,0.5
5,...XXO.XO,0.4166666667,304,...XXO..O,0.4222222222666667,0.0,0.4166666667
5,...XXOX.O,0.5833333333,305,...XXO..O,0.4222222222666667,0.0,0.5833333333
5,...XXOOX.,0.5833333333,306,...XXOO..,0.4888888888666667,0.25568181819344005,0.45833333330000003
5,...XXOO.X,0.6666666667,307,...XXOO..,0.4888888888666667,0.25568181819344005,0.5416666667
5,...XXO.OX,0.6666666667,308,...XXO.O.,0.5888888888666667,0.3537735849473121,0.45833333335000004
5,...XXOXO.,0.75,309,...XXO.O.,0.5888888888666667,0.3537735849473121,0.5416666666500001
5,.X.XXO.O.,0.3333333333,310,.X..XO.O.,0.43888888886666655,0.23734177218290337,0.22916666662500002
5,.X..XOXO.,0.6666666667,311,.X..XO.O.,0.43888888886666655,0.23734177218290337,0.562500000025
5,.X..XO.OX,0.6666666667,312,.X..XO.O.,0.43888888886666655,0.23734177218290337,0.562500000025
5,.XX.XO.O.,0.75,313,.X..XO.O.,0.43888888886666655,0.23734177218290337,0.645833333325
5,.X.XXO..O,0.4166666667,314,.X..XO..O,0.4888888888666666,0.28409090912654955,0.27777777780000007
5,.X..XOX.O,0.5833333333,315,.X..XO..O,0.4888888888666666,0.28409090912654955,0.4444444444000001
5,.XX.XO..O,0.9166666667,316,.X..XO..O,0.4888888888666666,0.28409090912654955,0.7777777778
5,.X.XXOO..,0.5833333333,317,.X..XOO..,0.5722222222666666,0.29126213589970773,0.4166666666333334
5,.XX.XOO..,0.6666666667,318,.X..XOO..,0.5722222222666666,0.29126213589970773,0.5000000000333333
5,.X..XOO.X,0.75,319,.X..XOO..,0.5722222222666666,0.29126213589970773,0.5833333333333334
5,....XOOXX,0.75,320,....XOOX.,0.54166666665,0.46153846155266276,0.5
5,X..XXO..O,0.25,321,X...XO..O,0.28888888886666664,0.0,0.25
5,X...XO.XO,0.4166666667,322,X...XO..O,0.28888888886666664,0.0,0.4166666667
5,XX..XO..O,0.5,323,X...XO..O,0.28888888886666664,0.0,0.5
5,X...XOX.O,0.5833333333,324,X...XO..O,0.28888888886666664,0.0,0.5833333333
5,X.X.XO..O,0.75,325,X...XO..O,0.28888888886666664,0.0,0.75
5,X..XXOO..,0.5,326,X...XOO..,0.5555555555666667,0.37499999997750005,0.29166666667499996
5,X.X.XOO..,0.75,327,X...XOO..,0.5555555555666667,0.37499999997750005,0.541666666675
5,X...XOOX.,0.75,328,X...XOO..,0.5555555555666667,0.37499999997750005,0.541666666675
5,XX..XOO..,0.8333333333,329,X...XOO..,0.5555555555666667,0.37499999997750005,0.624999999975
5,XX..XO.O.,0.75,330,X...XO.O.,0.6555555555666667,0.5084745762879919,0.4166666666500001
5,X..XXO.O.,0.75,331,X...XO.O.,0.6555555555666667,0.5084745762879919,0.4166666666500001
5,X.X.XO.O.,0.9166666667,332,X...XO.O.,0.6555555555666667,0.5084745762879919,0.58333333335
5,X...XOXO.,0.9166666667,333,X...XO.O.,0.6555555555666667,0.5084745762879919,0.58333333335
5,....XOXXO,0.5833333333,334,....XOX.O,0.41666666669999997,0.1999999999040001,0.5
5,....XOXOX,0.8333333333,335,....XOXO.,0.5833333333,0.5714285714040817,0.5
5,..XXXOO..,0.3333333333,336,..X.XOO..,0.32222222226666664,-0.08620689660879928,0.36111111110000005
5,..X.XOO.X,0.5,337,..X.XOO..,0.32222222226666664,-0.08620689660879928,0.5277777778000001
5,..X.XOOX.,0.5833333333,338,..X.XOO..,0.32222222226666664,-0.08620689660879928,0.6111111111000002
5,..XXXO.O.,0.6666666667,339,..X.XO.O.,0.5888888888666667,0.4245283019028124,0.41666666669999997
5,..X.XO.OX,0.8333333333,340,..X.XO.O.,0.5888888888666667,0.4245283019028124,0.5833333333
5,..XXXO..O,0.6666666667,341,..X.XO..O,0.5888888888666667,0.4245283019028124,0.41666666669999997
5,..X.XO.XO,0.8333333333,342,..X.XO..O,0.5888888888666667,0.4245283019028124,0.5833333333
5,.X.XX..OO,0.4166666667,343,.X..X..OO,0.5,0.04166666670000008,0.39583333335
5,.X..XX.OO,0.4166666667,344,.X..X..OO,0.5,0.04166666670000008,0.39583333335
5,.XX.X..OO,0.5833333333,345,.X..X..OO,0.5,0.04166666670000008,0.56249999995
5,.X..X.XOO,0.6666666667,346,.X..X..OO,0.5,0.04166666670000008,0.6458333333499999
5,...XX.XOO,0.9166666667,347,...XX..OO,0.5,0.8333333333999999,0.5
5,....XXXOO,0.8333333333,348,....XX.OO,0.5,0.6666666666000001,0.5
5,XX..X..OO,0.25,349,X...X..OO,0.5,0.0,0.25
5,X...XX.OO,0.4166666667,350,X...X..OO,0.5,0.0,0.4166666667
5,X..XX..OO,0.5,351,X...X..OO,0.5,0.0,0.5
5,X.X.X..OO,0.5833333333,352,X...X..OO,0.5,0.0,0.5833333333
5,X...X.XOO,0.75,353,X...X..OO,0.5,0.0,0.75
5,..XXX..OO,0.5833333333,354,..X.X..OO,0.5,0.16666666660000007,0.5
5,..X.XX.OO,0.5833333333,355,..X.X..OO,0.5,0.16666666660000007,0.5
6,O..OXX.OX,0.5,0,O..OXX..X,0.3055555555333333,0.0,0.5
6,O..OXX.XO,0.8333333333,1,O..OXX.X.,0.4722222222333333,0.7058823528539794,0.5
6,O..OXXXO.,0.6666666667,2,O..OXXX..,0.7222222222333332,0.2307692308118343,0.5
6,O.OOXX..X,0.0,3,O.O.XX..X,0.3611111111,-0.46153846155266276,0.16666666666666669
6,O.O.XXO.X,0.5,4,O.O.XX..X,0.3611111111,-0.46153846155266276,0.6666666666666667
6,O.O.XX.OX,0.5,5,O.O.XX..X,0.3611111111,-0.46153846155266276,0.6666666666666667
6,O.OOXXX..,0.3333333333,6,O.O.XXX..,0.5277777778,0.10526315784819927,0.27777777776666673
6,O.O.XXXO.,0.5,7,O.O.XXX..,0.5277777778,0.10526315784819927,0.44444444446666675
6,O.O.XXX.O,0.8333333333,8,O.O.XXX..,0.5277777778,0.10526315784819927,0.7777777777666668
6,O.OOXX.X.,0.5,9,O.O.XX.X.,0.6111111110999999,0.27272727273223135,0.33333333333333337
6,O.O.XXOX.,0.6666666667,10,O.O.XX.X.,0.6111111110999999,0.27272727273223135,0.5000000000333333
6,O.O.XX.XO,0.8333333333,11,O.O.XX.X.,0.6111111110999999,0.27272727273223135,0.6666666666333334
6,O...XXOXO,0.8333333333,12,O...XXOX.,0.5,0.6666666666000001,0.5
6,O...XXOOX,0.8333333333,13,O...XXO.X,0.5,0.6666666666000001,0.5
6,OO.OXX.X.,0.3333333333,14,OO..XX.X.,0.4166666667,0.1333333332693331,0.27777777776666673
6,OO..XXOX.,0.5,15,OO..XX.X.,0.4166666667,0.1333333332693331,0.44444444446666675
6,OO..XX.XO,0.8333333333,16,OO..XX.X.,0.4166666667,0.1333333332693331,0.7777777777666668
6,OO.OXX..X,0.5,17,OO..XX..X,0.5,0.33333333333333326,0.33333333333333337
6,OO..XXO.X,0.6666666667,18,OO..XX..X,0.5,0.33333333333333326,0.5000000000333333
6,OO..XX.OX,0.8333333333,19,OO..XX..X,0.5,0.33333333333333326,0.6666666666333334
6,OO.OXXX..,0.6666666667,20,OO..XXX..,0.5833333333,0.47619047619863947,0.3888888889333333
6,OO..XXXO.,0.8333333333,21,OO..XXX..,0.5833333333,0.47619047619863947,0.5555555555333334
6,OO..XXX.O,0.8333333333,22,OO..XXX..,0.5833333333,0.47619047619863947,0.5555555555333334
6,OO..X.OXX,0.0,23,OO..X..XX,0.5,-0.33333333333333337,0.16666666666666669
6,OO.OX..XX,0.5,24,OO..X..XX,0.5,-0.33333333333333337,0.6666666666666667
6,OO..XO.XX,0.5,25,OO..X..XX,0.5,-0.33333333333333337,0.6666666666666667
6,O.O.X.OXX,0.5,26,O.O.X..XX,0.5,0.33333333333333326,0.33333333333333337
6,O.OOX..XX,0.6666666667,27,O.O.X..XX,0.5,0.33333333333333326,0.5000000000333333
6,O.O.XO.XX,0.8333333333,28,O.O.X..XX,0.5,0.33333333333333326,0.6666666666333334
6,O..OXO.XX,0.8333333333,29,O..OX..XX,0.5,0.6666666666000001,0.5
6,O...XOOXX,0.5,30,O...XO.XX,0.5,0.0,0.5
6,OXX.X..OO,0.6666666667,31,OXX.X..O.,0.46666666668,0.35714285720408157,0.5
6,OX.XX..OO,0.8333333333,32,OX.XX..O.,0.54999999998,0.6060606060220386,0.5
6,OX..XX.OO,0.8333333333,33,OX..XX.O.,0.54999999998,0.6060606060220386,0.5
6,OXX.X.OO.,0.0,34,OXX.X.O..,0.270833333325,-0.9230769231053255,0.25
6,OXX.X.O.O,0.5,35,OXX.X.O..,0.270833333325,-0.9230769231053255,0.75
6,OX..X.OOX,0.3333333333,36,OX..X.O.X,0.437500000025,-0.3809523810068028,0.5
6,OX..XXOO.,0.5,37,OX..XXO..,0.5208333333249999,0.16000000003455989,0.4166666666500001
6,OX..XXO.O,0.6666666667,38,OX..XXO..,0.5208333333249999,0.16000000003455989,0.58333333335
6,OX.XX.OO.,0.5,39,OX.XX.O..,0.7708333333249999,0.21621621619693218,0.3333333333499999
6,OX.XX.O.O,0.8333333333,40,OX.XX.O..,0.7708333333249999,0.21621621619693218,0.66666666665
6,OX.OXX.O.,0.3333333333,41,OX.OXX...,0.3541666667,0.23529411753079593,0.24999999999999994
6,OX.OXX..O,0.8333333333,42,OX.OXX...,0.3541666667,0.23529411753079593,0.75
6,OX.OX..OX,0.3333333333,43,OX.OX...X,0.3541666667,0.23529411753079593,0.24999999999999994
6,OX.OXO..X,0.8333333333,44,OX.OX...X,0.3541666667,0.23529411753079593,0.75
6,OXXOX..O.,0.6666666667,45,OXXOX....,0.5208333333,0.5333333333461333,0.3888888889333333
6,OXXOXO...,0.8333333333,46,OXXOX....,0.5208333333,0.5333333333461333,0.5555555555333334
6,OXXOX...O,0.8333333333,47,OXXOX....,0.5208333333,0.5333333333461333,0.5555555555333334
6,OX.OX.XO.,0.6666666667,48,OX.OX.X..,0.7708333333,0.2162162162688093,0.5
6,OXO.X.XO.,0.3333333333,49,OXO.X.X..,0.41666666664999996,0.1999999999880001,0.24999999997499994
6,OXO.XOX..,0.5,50,OXO.X.X..,0.41666666664999996,0.1999999999880001,0.41666666667499996
6,OXOOX.X..,0.6666666667,51,OXO.X.X..,0.41666666664999996,0.1999999999880001,0.5833333333749999
6,OXO.X.X.O,0.8333333333,52,OXO.X.X..,0.41666666664999996,0.1999999999880001,0.749999999975
6,OXO.X..OX,0.3333333333,53,OXO.X...X,0.41666666664999996,0.1999999999880001,0.24999999997499994
6,OXOOX...X,0.5,54,OXO.X...X,0.41666666664999996,0.1999999999880001,0.41666666667499996
6,OXO.XO..X,0.6666666667,55,OXO.X...X,0.41666666664999996,0.1999999999880001,0.5833333333749999
6,OXO.X.O.X,0.8333333333,56,OXO.X...X,0.41666666664999996,0.1999999999880001,0.749999999975
6,OXOXXO...,0.5,57,OXOXX....,0.5833333333499999,0.2857142857061224,0.33333333333333337
6,OXOXX..O.,0.6666666667,58,OXOXX....,0.5833333333499999,0.2857142857061224,0.5000000000333333
6,OXOXX...O,0.8333333333,59,OXOXX....,0.5833333333499999,0.2857142857061224,0.6666666666333334
6,OXOOXX...,0.5,60,OXO.XX...,0.5833333333499999,0.2857142857061224,0.33333333333333337
6,OXO.XX.O.,0.6666666667,61,OXO.XX...,0.5833333333499999,0.2857142857061224,0.5000000000333333
6,OXO.XXO..,0.8333333333,62,OXO.XX...,0.5833333333499999,0.2857142857061224,0.6666666666333334
6,OX.XXO.O.,0.3333333333,63,OX.XXO...,0.41666666664999996,0.2666666666506668,0.22222222219999993
6,OX.XXOO..,0.6666666667,64,OX.XXO...,0.41666666664999996,0.2666666666506668,0.5555555555999999
6,OX.XXO..O,0.8333333333,65,OX.XXO...,0.41666666664999996,0.2666666666506668,0.7222222222
6,OX..XO.OX,0.3333333333,66,OX..XO..X,0.41666666664999996,-0.20000000004800011,0.41666666665
6,OX..XOO.X,0.5,67,OX..XO..X,0.41666666664999996,-0.20000000004800011,0.58333333335
6,OXX.XOO..,0.5,68,OXX.XO...,0.5833333333499999,0.14285714288163254,0.4166666666500001
6,OXX.XO.O.,0.6666666667,69,OXX.XO...,0.5833333333499999,0.14285714288163254,0.58333333335
6,OX..XOXO.,0.6666666667,70,OX..XOX..,0.5833333333499999,0.42857142855918373,0.41666666669999997
6,OX..XOX.O,0.8333333333,71,OX..XOX..,0.5833333333499999,0.42857142855918373,0.5833333333
6,O..XXOO.X,0.3333333333,72,O..XXO..X,0.36111111110000005,-0.4615384616449704,0.5
6,O..XXO.OX,0.3333333333,73,O..XXO..X,0.36111111110000005,-0.4615384616449704,0.5
6,O..XXOXO.,0.6666666667,74,O..XXOX..,0.5277777778000001,0.3157894737340719,0.5
6,O..XXOX.O,0.6666666667,75,O..XXOX..,0.5277777778000001,0.3157894737340719,0.5
6,O..XXOOX.,0.6666666667,76,O..XXO.X.,0.6111111111,0.40909090909834706,0.41666666669999997
6,O..XXO.XO,0.8333333333,77,O..XXO.X.,0.6111111111,0.40909090909834706,0.5833333333
6,O.OXXOX..,0.0,78,O.OXX.X..,0.3611111111,-0.46153846155266276,0.16666666666666669
6,O.OXX.XO.,0.5,79,O.OXX.X..,0.3611111111,-0.46153846155266276,0.6666666666666667
6,O.OXX.X.O,0.5,80,O.OXX.X..,0.3611111111,-0.46153846155266276,0.6666666666666667
6,O.OXXO..X,0.3333333333,81,O.OXX...X,0.5277777778,0.10526315784819927,0.27777777776666673
6,O.OXX..OX,0.5,82,O.OXX...X,0.5277777778,0.10526315784819927,0.44444444446666675
6,O.OXX.O.X,0.8333333333,83,O.OXX...X,0.5277777778,0.10526315784819927,0.7777777777666668
6,O.OXXO.X.,0.5,84,O.OXX..X.,0.6111111111,0.2727272727322313,0.33333333333333337
6,O.OXX..XO,0.6666666667,85,O.OXX..X.,0.6111111111,0.2727272727322313,0.5000000000333333
6,O.OXX.OX.,0.8333333333,86,O.OXX..X.,0.6111111111,0.2727272727322313,0.6666666666333334
6,OO.XXO.X.,0.3333333333,87,OO.XX..X.,0.44444444446666664,0.12499999994374981,0.27777777776666673
6,OO.XX.OX.,0.5,88,OO.XX..X.,0.44444444446666664,0.12499999994374981,0.44444444446666675
6,OO.XX..XO,0.8333333333,89,OO.XX..X.,0.44444444446666664,0.12499999994374981,0.7777777777666668
6,OO.XXO..X,0.3333333333,90,OO.XX...X,0.44444444446666664,0.12499999994374981,0.27777777776666673
6,OO.XX.O.X,0.5,91,OO.XX...X,0.44444444446666664,0.12499999994374981,0.44444444446666675
6,OO.XX..OX,0.8333333333,92,OO.XX...X,0.44444444446666664,0.12499999994374981,0.7777777777666668
6,OO.XXOX..,0.6666666667,93,OO.XX.X..,0.6111111110666667,0.4545454545603306,0.3888888889333333
6,OO.XX.XO.,0.8333333333,94,OO.XX.X..,0.6111111110666667,0.4545454545603306,0.5555555555333334
6,OO.XX.X.O,0.8333333333,95,OO.XX.X..,0.6111111110666667,0.4545454545603306,0.5555555555333334
6,O..XX.OOX,0.6666666667,96,O..XX.O.X,0.41666666664999996,0.40000000009599995,0.5
6,O.X.X.OOX,0.5,97,O.X.X.O.X,0.3125,0.0,0.5
6,O.X.X.OXO,0.8333333333,98,O.X.X.OX.,0.4791666667,0.6956521737950851,0.5
6,O.X.XXO.O,0.5,99,O.X.XXO..,0.5625,0.14814814817777766,0.4166666666500001
6,O.X.XXOO.,0.6666666667,100,O.X.XXO..,0.5625,0.14814814817777766,0.58333333335
6,O.XXX.OO.,0.5,101,O.XXX.O..,0.6458333333,0.25806451611654535,0.3333333333499999
6,O.XXX.O.O,0.8333333333,102,O.XXX.O..,0.6458333333,0.25806451611654535,0.66666666665
6,O.XOXX..O,0.6666666667,103,O.XOXX...,0.5,0.5,0.41666666669999997
6,O.XOXX.O.,0.8333333333,104,O.XOXX...,0.5,0.5,0.5833333333
6,O.XOXO.X.,0.8333333333,105,O.XOX..X.,0.5,0.6666666666000001,0.5
6,O.XOX..XO,0.8333333333,106,O.XOX..X.,0.5,0.6666666666000001,0.5
6,O.XOXO..X,0.6666666667,107,O.XOX...X,0.5,0.5,0.41666666669999997
6,O.XOX..OX,0.8333333333,108,O.XOX...X,0.5,0.5,0.5833333333
6,O.X.XOO.X,0.0,109,O.X.XO..X,0.36111111110000005,-0.46153846150650885,0.16666666665000002
6,O.X.XO.OX,0.6666666667,110,O.X.XO..X,0.36111111110000005,-0.46153846150650885,0.8333333333499999
6,O.XXXOO..,0.3333333333,111,O.XXXO...,0.5277777778,0.0,0.3333333333
6,O.XXXO.O.,0.6666666667,112,O.XXXO...,0.5277777778,0.0,0.6666666667
6,O.X.XOOX.,0.5,113,O.X.XO.X.,0.6111111111,0.0,0.5
6,O.XXX..OO,0.8333333333,114,O.XXX..O.,0.4722222222333333,0.7058823528539794,0.5
6,O.X.XX.OO,0.8333333333,115,O.X.XX.O.,0.5555555555333334,0.599999999964,0.5
6,OOX.X.OX.,0.3333333333,116,OOX.X..X.,0.375000000025,0.148148148167901,0.2777777777333334
6,OOXOX..X.,0.6666666667,117,OOX.X..X.,0.375000000025,0.148148148167901,0.6111111111333334
6,OOX.XO.X.,0.6666666667,118,OOX.X..X.,0.375000000025,0.148148148167901,0.6111111111333334
6,OOX.X.O.X,0.5,119,OOX.X...X,0.45833333332500004,0.3636363636429751,0.33333333333333337
6,OOX.XO..X,0.6666666667,120,OOX.X...X,0.45833333332500004,0.3636363636429751,0.5000000000333333
6,OOXOX...X,0.8333333333,121,OOX.X...X,0.45833333332500004,0.3636363636429751,0.6666666666333334
6,OOXXXO...,0.6666666667,122,OOXXX....,0.5416666666250001,0.30769230777751466,0.5
6,OOXXX.O..,0.6666666667,123,OOXXX....,0.5416666666250001,0.30769230777751466,0.5
6,OOXOXX...,0.8333333333,124,OOX.XX...,0.625000000025,0.5333333332586667,0.5
6,OOX.XXO..,0.8333333333,125,OOX.XX...,0.625000000025,0.5333333332586667,0.5
6,O.O.X.XOX,0.0,126,O.O.X.X.X,0.375,-0.4444444444444445,0.16666666666666669
6,O.OOX.X.X,0.5,127,O.O.X.X.X,0.375,-0.4444444444444445,0.6666666666666667
6,O.O.XOX.X,0.5,128,O.O.X.X.X,0.375,-0.4444444444444445,0.6666666666666667
6,O.O.X.XXO,0.5,129,O.O.X.XX.,0.625,0.2666666666666666,0.33333333333333337
6,O.O.XOXX.,0.6666666667,130,O.O.X.XX.,0.625,0.2666666666666666,0.5000000000333333
6,O.OOX.XX.,0.8333333333,131,O.O.X.XX.,0.625,0.2666666666666666,0.6666666666333334
6,OO..X.XXO,0.6666666667,132,OO..X.XX.,0.5,0.5555555555333334,0.3888888889333333
6,OO.OX.XX.,0.8333333333,133,OO..X.XX.,0.5,0.5555555555333334,0.5555555555333334
6,OO..XOXX.,0.8333333333,134,OO..X.XX.,0.5,0.5555555555333334,0.5555555555333334
6,OO..X.XOX,0.6666666667,135,OO..X.X.X,0.5,0.5555555555333334,0.3888888889333333
6,OO.OX.X.X,0.8333333333,136,OO..X.X.X,0.5,0.5555555555333334,0.5555555555333334
6,OO..XOX.X,0.8333333333,137,OO..X.X.X,0.5,0.5555555555333334,0.5555555555333334
6,O...XOXOX,0.6666666667,138,O...XOX.X,0.4583333333499999,0.36363636369586777,0.5
6,O...XOXXO,0.8333333333,139,O...XOXX.,0.54166666665,0.6153846153420119,0.5
6,O..OX.XOX,0.6666666667,140,O..OX.X.X,0.4166666666500001,0.40000000009599984,0.5
6,..O.XOXOX,0.6666666667,141,..O.XOX.X,0.625,0.26666666671999995,0.5
6,..OOX.XXO,0.5,142,..OOX.XX.,0.45833333335000004,0.363636363586777,0.3333333333499999
6,..OOXOXX.,0.8333333333,143,..OOX.XX.,0.45833333335000004,0.363636363586777,0.66666666665
6,..OOX.XOX,0.6666666667,144,..OOX.X.X,0.5416666666500001,0.3076923077633135,0.5
6,..OXXOXO.,0.5,145,..OXXOX..,0.3055555555333333,0.0,0.5
6,..OXXOOX.,0.8333333333,146,..OXXO.X.,0.4722222222333333,0.7058823528539794,0.5
6,..OXXO.OX,0.6666666667,147,..OXXO..X,0.7222222222333332,0.2307692308118343,0.5
6,..OXX.XOO,0.8333333333,148,..OXX.XO.,0.45833333335000004,0.7272727271735537,0.5
6,..OXX.OXO,0.8333333333,149,..OXX.OX.,0.45833333330000003,0.7272727272528926,0.5
6,..OOX.OXX,0.8333333333,150,..OOX..XX,0.5,0.6666666666000001,0.5
6,.XO.X.XOO,0.3333333333,151,.XO.X.XO.,0.29166666665,-0.5714285715755102,0.5
6,.XOXX..OO,0.5,152,.XOXX..O.,0.5416666666500001,0.0,0.5
6,.XO.XX.OO,0.5,153,.XO.XX.O.,0.5416666666500001,0.0,0.5
6,.XOXXO.O.,0.3333333333,154,.XOXXO...,0.36111111113333333,0.23076923066272198,0.24999999999999994
6,.XOXXOO..,0.8333333333,155,.XOXXO...,0.36111111113333333,0.23076923066272198,0.75
6,.XO.XOXO.,0.3333333333,156,.XO.XOX..,0.36111111113333333,-0.46153846160236695,0.5
6,.XO.XO.OX,0.6666666667,157,.XO.XO..X,0.7777777777333333,0.21428571434081628,0.5
6,.XOOXX.O.,0.3333333333,158,.XOOXX...,0.4444444444333333,0.2499999999812501,0.22222222219999993
6,.XOOXX..O,0.6666666667,159,.XOOXX...,0.4444444444333333,0.2499999999812501,0.5555555555999999
6,.XOOXXO..,0.8333333333,160,.XOOXX...,0.4444444444333333,0.2499999999812501,0.7222222222
6,.XOOX.XO.,0.3333333333,161,.XOOX.X..,0.4444444444333333,0.1249999999531248,0.27777777776666673
6,.XOOX.X.O,0.5,162,.XOOX.X..,0.4444444444333333,0.1249999999531248,0.44444444446666675
6,.XOOXOX..,0.8333333333,163,.XOOX.X..,0.4444444444333333,0.1249999999531248,0.7777777777666668
6,.XOOX..OX,0.6666666667,164,.XOOX...X,0.6111111111333333,0.40909090907603307,0.41666666669999997
6,.XOOX.O.X,0.8333333333,165,.XOOX...X,0.6111111111333333,0.40909090907603307,0.5833333333
6,.XOXX.O.O,0.6666666667,166,.XOXX.O..,0.4722222222,0.5294117647307959,0.41666666669999997
6,.XOXX.OO.,0.8333333333,167,.XOXX.O..,0.4722222222,0.5294117647307959,0.5833333333
6,.XO.XXOO.,0.8333333333,168,.XO.XXO..,0.4722222222,0.7058823529038063,0.5
6,.XO.XXO.O,0.8333333333,169,.XO.XXO..,0.4722222222,0.7058823529038063,0.5
6,..OOXXXO.,0.3333333333,170,..OOXXX..,0.36111111110000005,-0.4615384616449704,0.5
6,..OOXXX.O,0.3333333333,171,..OOXXX..,0.36111111110000005,-0.4615384616449704,0.5
6,..OOXXO.X,0.6666666667,172,..OOXX..X,0.5277777778000001,0.3157894737340719,0.5
6,..OOXX.OX,0.6666666667,173,..OOXX..X,0.5277777778000001,0.3157894737340719,0.5
6,..OOXX.XO,0.6666666667,174,..OOXX.X.,0.6111111111,0.40909090909834706,0.41666666669999997
6,..OOXXOX.,0.8333333333,175,..OOXX.X.,0.6111111111,0.40909090909834706,0.5833333333
6,..O.XXXOO,0.6666666667,176,..O.XXXO.,0.41666666664999996,0.40000000009599995,0.5
6,XXO.XO.O.,0.6666666667,177,XXO.XO...,0.5,0.5,0.41666666669999997
6,XXO.XOO..,0.8333333333,178,XXO.XO...,0.5,0.5,0.5833333333
6,X.OXXOO..,0.6666666667,179,X.OXXO...,0.5,0.5,0.41666666669999997
6,X.OXXO.O.,0.8333333333,180,X.OXXO...,0.5,0.5,0.5833333333
6,X.O.XOXO.,0.8333333333,181,X.O.XOX..,0.5,0.6666666666000001,0.5
6,X.O.XOOX.,0.8333333333,182,X.O.XO.X.,0.5,0.6666666666000001,0.5
6,X.OOX.X.O,0.0,183,X.OOX.X..,0.33333333332500004,-0.1666666666041667,0.055555555533333356
6,X.OOXOX..,0.6666666667,184,X.OOX.X..,0.33333333332500004,-0.1666666666041667,0.7222222222333333
6,X.OOX.XO.,0.6666666667,185,X.OOX.X..,0.33333333332500004,-0.1666666666041667,0.7222222222333333
6,X.OOXX..O,0.3333333333,186,X.OOXX...,0.500000000025,0.0,0.3333333333
6,X.OOXX.O.,0.6666666667,187,X.OOXX...,0.500000000025,0.0,0.6666666667
6,XXOOX...O,0.5,188,XXOOX....,0.583333333325,0.28571428571836727,0.33333333333333337
6,XXOOX..O.,0.6666666667,189,XXOOX....,0.583333333325,0.28571428571836727,0.5000000000333333
6,XXOOXO...,0.8333333333,190,XXOOX....,0.583333333325,0.28571428571836727,0.6666666666333334
6,X.OOX..XO,0.5,191,X.OOX..X.,0.583333333325,0.285714285689796,0.3333333333499999
6,X.OOXO.X.,0.8333333333,192,X.OOX..X.,0.583333333325,0.285714285689796,0.66666666665
6,XXO.X..OO,0.0,193,XXO.X..O.,0.29166666667499996,-1.714285714236735,0.5
6,X.O.XX.OO,0.5,194,X.O.XX.O.,0.541666666675,0.0,0.5
6,X.O.X.XOO,0.5,195,X.O.X.XO.,0.541666666675,0.0,0.5
6,X.OXX..OO,0.6666666667,196,X.OXX..O.,0.624999999975,0.26666666673066663,0.5
6,XXO.X.O.O,0.5,197,XXO.X.O..,0.4166666666500001,0.20000000004799978,0.4166666666500001
6,XXO.X.OO.,0.6666666667,198,XXO.X.O..,0.4166666666500001,0.20000000004799978,0.58333333335
6,X.OXX.O.O,0.5,199,X.OXX.O..,0.4166666666500001,0.3999999999760001,0.3333333333499999
6,X.OXX.OO.,0.8333333333,200,X.OXX.O..,0.4166666666500001,0.3999999999760001,0.66666666665
6,X.O.XXOO.,0.8333333333,201,X.O.XXO..,0.58333333335,0.571428571355102,0.5
6,X.O.XXO.O,0.8333333333,202,X.O.XXO..,0.58333333335,0.571428571355102,0.5
6,X.O.X.OXO,0.8333333333,203,X.O.X.OX.,0.58333333335,0.571428571355102,0.5
6,.OO.X.OXX,0.6666666667,204,.OO.X..XX,0.5,0.5555555555333334,0.3888888889333333
6,.OOOX..XX,0.8333333333,205,.OO.X..XX,0.5,0.5555555555333334,0.5555555555333334
6,.OO.XO.XX,0.8333333333,206,.OO.X..XX,0.5,0.5555555555333334,0.5555555555333334
6,.O.OX.OXX,0.6666666667,207,.O.OX..XX,0.5,0.33333333339999993,0.5
6,.O..XOOXX,0.6666666667,208,.O..XO.XX,0.5,0.33333333339999993,0.5
6,.O.XXOOX.,0.3333333333,209,.O.XXO.X.,0.2499999999666666,-0.6666666668888891,0.5
6,.O.XXO.XO,0.3333333333,210,.O.XXO.X.,0.2499999999666666,-0.6666666668888891,0.5
6,.O.XXOO.X,0.6666666667,211,.O.XXO..X,0.5833333333666666,0.285714285755102,0.5
6,.O.XXOX.O,0.8333333333,212,.O.XXOX..,0.6666666666666666,0.49999999995000005,0.5
6,.OOXXO.X.,0.3333333333,213,.OOXX..X.,0.4166666667,0.1333333332693331,0.27777777776666673
6,.OOXX..XO,0.5,214,.OOXX..X.,0.4166666667,0.1333333332693331,0.44444444446666675
6,.OOXX.OX.,0.8333333333,215,.OOXX..X.,0.4166666667,0.1333333332693331,0.7777777777666668
6,.OOXXOX..,0.5,216,.OOXX.X..,0.5,0.33333333333333326,0.33333333333333337
6,.OOXX.X.O,0.6666666667,217,.OOXX.X..,0.5,0.33333333333333326,0.5000000000333333
6,.OOXX.XO.,0.8333333333,218,.OOXX.X..,0.5,0.33333333333333326,0.6666666666333334
6,.OOXXO..X,0.6666666667,219,.OOXX...X,0.5833333333,0.47619047619863947,0.3888888889333333
6,.OOXX.O.X,0.8333333333,220,.OOXX...X,0.5833333333,0.47619047619863947,0.5555555555333334
6,.OOXX..OX,0.8333333333,221,.OOXX...X,0.5833333333,0.47619047619863947,0.5555555555333334
6,.O.XX.OXO,0.6666666667,222,.O.XX.OX.,0.41666666664999996,0.40000000009599995,0.5
6,.O.OXXOX.,0.3333333333,223,.O.OXX.X.,0.2499999999666666,-0.6666666668888891,0.5
6,.O.OXX.XO,0.3333333333,224,.O.OXX.X.,0.2499999999666666,-0.6666666668888891,0.5
6,.O.OXXX.O,0.6666666667,225,.O.OXXX..,0.5833333333666666,0.285714285755102,0.5
6,.O.OXXO.X,0.8333333333,226,.O.OXX..X,0.6666666666666666,0.49999999995000005,0.5
6,.OOOXXX..,0.3333333333,227,.OO.XXX..,0.44444444446666664,0.12499999994374981,0.27777777776666673
6,.OO.XXX.O,0.5,228,.OO.XXX..,0.44444444446666664,0.12499999994374981,0.44444444446666675
6,.OO.XXXO.,0.8333333333,229,.OO.XXX..,0.44444444446666664,0.12499999994374981,0.7777777777666668
6,.OOOXX.X.,0.3333333333,230,.OO.XX.X.,0.44444444446666664,0.12499999994374981,0.27777777776666673
6,.OO.XX.XO,0.5,231,.OO.XX.X.,0.44444444446666664,0.12499999994374981,0.44444444446666675
6,.OO.XXOX.,0.8333333333,232,.OO.XX.X.,0.44444444446666664,0.12499999994374981,0.7777777777666668
6,.OOOXX..X,0.6666666667,233,.OO.XX..X,0.6111111110666667,0.4545454545603306,0.3888888889333333
6,.OO.XXO.X,0.8333333333,234,.OO.XX..X,0.6111111110666667,0.4545454545603306,0.5555555555333334
6,.OO.XX.OX,0.8333333333,235,.OO.XX..X,0.6111111110666667,0.4545454545603306,0.5555555555333334
6,.O..XXOXO,0.6666666667,236,.O..XXOX.,0.375,0.44444444453333326,0.5
6,.OO.X.XXO,0.0,237,.OO.X.XX.,0.33333333335,-0.4999999999750001,0.16666666666666669
6,.OOOX.XX.,0.5,238,.OO.X.XX.,0.33333333335,-0.4999999999750001,0.6666666666666667
6,.OO.XOXX.,0.5,239,.OO.X.XX.,0.33333333335,-0.4999999999750001,0.6666666666666667
6,.OO.X.XOX,0.6666666667,240,.OO.X.X.X,0.6666666666500001,0.41666666666041663,0.3888888889333333
6,.OOOX.X.X,0.8333333333,241,.OO.X.X.X,0.6666666666500001,0.41666666666041663,0.5555555555333334
6,.OO.XOX.X,0.8333333333,242,.OO.X.X.X,0.6666666666500001,0.41666666666041663,0.5555555555333334
6,.O.OX.XXO,0.6666666667,243,.O.OX.XX.,0.4166666666500001,0.40000000009599984,0.5
6,.O..XOXXO,0.6666666667,244,.O..XOXX.,0.4166666666500001,0.40000000009599984,0.5
6,XOX.X.O.O,0.0,245,XOX.X.O..,0.33333333332500004,-0.4999999999625,0.16666666665000002
6,XOX.X.OO.,0.6666666667,246,XOX.X.O..,0.33333333332500004,-0.4999999999625,0.8333333333499999
6,XO..X.OXO,0.3333333333,247,XO..X.OX.,0.500000000025,-0.3333333333833334,0.5
6,XO.XX.O.O,0.5,248,XO.XX.O..,0.583333333325,0.285714285689796,0.3333333333499999
6,XO.XX.OO.,0.8333333333,249,XO.XX.O..,0.583333333325,0.285714285689796,0.66666666665
6,XO..XXO.O,0.5,250,XO..XXO..,0.583333333325,0.285714285689796,0.3333333333499999
6,XO..XXOO.,0.8333333333,251,XO..XXO..,0.583333333325,0.285714285689796,0.66666666665
6,XO.OXX..O,0.3333333333,252,XO.OXX...,0.41666666669999997,0.0,0.3333333333
6,XO.OXXO..,0.6666666667,253,XO.OXX...,0.41666666669999997,0.0,0.6666666667
6,XO.OX..XO,0.3333333333,254,XO.OX..X.,0.41666666669999997,0.0,0.3333333333
6,XO.OX.OX.,0.6666666667,255,XO.OX..X.,0.41666666669999997,0.0,0.6666666667
6,XOXOX.O..,0.6666666667,256,XOXOX....,0.5833333333,0.28571428578775504,0.5
6,XOXOX...O,0.6666666667,257,XOXOX....,0.5833333333,0.28571428578775504,0.5
6,XO.OX.X.O,0.6666666667,258,XO.OX.X..,0.5833333333,0.28571428578775504,0.5
6,XOO.X..XO,0.3333333333,259,XOO.X..X.,0.375000000025,0.148148148167901,0.2777777777333334
6,XOOOX..X.,0.6666666667,260,XOO.X..X.,0.375000000025,0.148148148167901,0.6111111111333334
6,XOO.XO.X.,0.6666666667,261,XOO.X..X.,0.375000000025,0.148148148167901,0.6111111111333334
6,XOO.X.X.O,0.5,262,XOO.X.X..,0.45833333332500004,0.3636363636429751,0.33333333333333337
6,XOOOX.X..,0.6666666667,263,XOO.X.X..,0.45833333332500004,0.3636363636429751,0.5000000000333333
6,XOO.XOX..,0.8333333333,264,XOO.X.X..,0.45833333332500004,0.3636363636429751,0.6666666666333334
6,XOOOXX...,0.6666666667,265,XOO.XX...,0.5416666666250001,0.30769230777751466,0.5
6,XOO.XX..O,0.6666666667,266,XOO.XX...,0.5416666666250001,0.30769230777751466,0.5
6,XOOXXO...,0.8333333333,267,XOOXX....,0.625000000025,0.5333333332586667,0.5
6,XOOXX...O,0.8333333333,268,XOOXX....,0.625000000025,0.5333333332586667,0.5
6,XO..XO.XO,0.3333333333,269,XO..XO.X.,0.375000000025,0.0,0.3333333333
6,XO..XOOX.,0.6666666667,270,XO..XO.X.,0.375000000025,0.0,0.6666666667
6,XO.XXO..O,0.5,271,XO.XXO...,0.45833333332500004,0.18181818185785106,0.4166666666500001
6,XO.XXOO..,0.6666666667,272,XO.XXO...,0.45833333332500004,0.18181818185785106,0.58333333335
6,XOX.XOO..,0.6666666667,273,XOX.XO...,0.5416666666250001,0.30769230777751466,0.5
6,XOX.XO..O,0.6666666667,274,XOX.XO...,0.5416666666250001,0.30769230777751466,0.5
6,XO..XOX.O,0.8333333333,275,XO..XOX..,0.625000000025,0.5333333332586667,0.5
6,XOX.X..OO,0.6666666667,276,XOX.X..O.,0.4444444444000001,0.37500000011249984,0.5
6,XO.XX..OO,0.8333333333,277,XO.XX..O.,0.5277777778,0.6315789472786704,0.5
6,XO..XX.OO,0.8333333333,278,XO..XX.O.,0.5277777778,0.6315789472786704,0.5
6,.OX.X.OXO,0.3333333333,279,.OX.X.OX.,0.24999999997499994,-0.6666666668666669,0.5
6,.OXXX.O.O,0.5,280,.OXXX.O..,0.499999999975,0.3333333333166668,0.3333333333499999
6,.OXXX.OO.,0.8333333333,281,.OXXX.O..,0.499999999975,0.3333333333166668,0.66666666665
6,.OX.XXO.O,0.5,282,.OX.XXO..,0.5833333333749999,0.28571428566530627,0.3333333333499999
6,.OX.XXOO.,0.8333333333,283,.OX.XXO..,0.5833333333749999,0.28571428566530627,0.66666666665
6,.OXXXOO..,0.3333333333,284,.OXXXO...,0.44444444446666664,0.0,0.3333333333
6,.OXXXO..O,0.6666666667,285,.OXXXO...,0.44444444446666664,0.0,0.6666666667
6,.OX.XOOX.,0.3333333333,286,.OX.XO.X.,0.44444444446666664,0.0,0.3333333333
6,.OX.XO.XO,0.6666666667,287,.OX.XO.X.,0.44444444446666664,0.0,0.6666666667
6,.OX.XOO.X,0.6666666667,288,.OX.XO..X,0.6111111110666667,0.2727272728016528,0.5
6,.OXOX.OX.,0.3333333333,289,.OXOX..X.,0.38888888890000006,0.0,0.3333333333
6,.OXOX..XO,0.6666666667,290,.OXOX..X.,0.38888888890000006,0.0,0.6666666667
6,.OXOXXO..,0.5,291,.OXOXX...,0.4722222222000001,0.17647058827889253,0.4166666666500001
6,.OXOXX..O,0.6666666667,292,.OXOXX...,0.4722222222000001,0.17647058827889253,0.58333333335
6,.OXOX.O.X,0.8333333333,293,.OXOX...X,0.6388888889000001,0.5217391303735349,0.5
6,.OXXX..OO,0.8333333333,294,.OXXX..O.,0.5,0.6666666666000001,0.5
6,.OX.XX.OO,0.8333333333,295,.OX.XX.O.,0.5,0.6666666666000001,0.5
6,...OXXOXO,0.5,296,...OXXOX.,0.4166666667,0.0,0.5
6,...OXXOOX,0.8333333333,297,...OXXO.X,0.5833333333,0.5714285714040817,0.5
6,...OXXXOO,0.6666666667,298,...OXXXO.,0.45833333335000004,0.36363636369586766,0.5
6,.X.OXX.OO,0.3333333333,299,.X.OXX.O.,0.22916666662500002,-0.7272727275504133,0.5
6,.X.OX.XOO,0.6666666667,300,.X.OX.XO.,0.562500000025,0.29629629634238674,0.5
6,.XXOX..OO,0.8333333333,301,.XXOX..O.,0.645833333325,0.5161290322131113,0.5
6,.X.OXXOO.,0.3333333333,302,.X.OXXO..,0.4166666667,-0.2000000000240001,0.41666666665
6,.X.OXXO.O,0.5,303,.X.OXXO..,0.4166666667,-0.2000000000240001,0.58333333335
6,.XXOX.OO.,0.5,304,.XXOX.O..,0.5,0.16666666669999985,0.4166666666500001
6,.XXOX.O.O,0.6666666667,305,.XXOX.O..,0.5,0.16666666669999985,0.58333333335
6,.X.OX.OOX,0.6666666667,306,.X.OX.O.X,0.5833333333,0.28571428578775504,0.5
6,.XXOXOO..,0.8333333333,307,.XXOXO...,0.5,0.6666666666000001,0.5
6,.X.OXOX.O,0.8333333333,308,.X.OXOX..,0.5,0.6666666666000001,0.5
6,.X.OXOO.X,0.8333333333,309,.X.OXO..X,0.5,0.6666666666000001,0.5
6,...OXOOXX,0.8333333333,310,...OXO.XX,0.5,0.6666666666000001,0.5
6,..XOXXO.O,0.0,311,..XOXXO..,0.3333333333333333,-0.75,0.25
6,..XOXXOO.,0.5,312,..XOXXO..,0.3333333333333333,-0.75,0.75
6,..XOX.OXO,0.5,313,..XOX.OX.,0.5000000000333333,0.0,0.5
6,..XOX.OOX,0.8333333333,314,..XOX.O.X,0.6666666666333334,0.499999999975,0.5
6,..XOXX.OO,0.6666666667,315,..XOXX.O.,0.4166666666500001,0.40000000009599984,0.5
6,..XOXOO.X,0.6666666667,316,..XOXO..X,0.45833333330000003,0.3636363637355371,0.5
6,..XOXOOX.,0.8333333333,317,..XOXO.X.,0.5416666667,0.6153846152852072,0.5
6,X..OXXO.O,0.3333333333,318,X..OXXO..,0.375000000025,0.0,0.3333333333
6,X..OXXOO.,0.6666666667,319,X..OXXO..,0.375000000025,0.0,0.6666666667
6,X.XOX.O.O,0.5,320,X.XOX.O..,0.45833333332500004,0.3636363636066117,0.3333333333499999
6,X.XOX.OO.,0.8333333333,321,X.XOX.O..,0.45833333332500004,0.3636363636066117,0.66666666665
6,X..OX.OXO,0.6666666667,322,X..OX.OX.,0.5416666666250001,0.30769230777751466,0.5
6,XX.OX.OO.,0.8333333333,323,XX.OX.O..,0.625000000025,0.5333333332586667,0.5
6,XX.OX.O.O,0.8333333333,324,XX.OX.O..,0.625000000025,0.5333333332586667,0.5
6,X..OXX.OO,0.3333333333,325,X..OXX.O.,0.375000000025,-0.44444444450370374,0.5
6,XX.OX..OO,0.5,326,XX.OX..O.,0.45833333332500004,0.0,0.5
6,X..OX.XOO,0.6666666667,327,X..OX.XO.,0.5416666666250001,0.30769230777751466,0.5
6,X.XOX..OO,0.8333333333,328,X.XOX..O.,0.625000000025,0.5333333332586667,0.5
6,X..OXOX.O,0.6666666667,329,X..OXOX..,0.4444444444000001,0.37500000011249984,0.5
6,XX.OXO..O,0.8333333333,330,XX.OXO...,0.5277777778,0.6315789472786704,0.5
6,X..OXO.XO,0.8333333333,331,X..OXO.X.,0.5277777778,0.6315789472786704,0.5
6,...OXOXXO,0.8333333333,332,...OXOXX.,0.5,0.6666666666000001,0.5
6,...XXOOXO,0.5,333,...XXOOX.,0.45833333330000003,0.0,0.5
6,...XXOOOX,0.6666666667,334,...XXOO.X,0.5416666667,0.3076923077349112,0.5
6,...XXOXOO,0.8333333333,335,...XXOXO.,0.5416666666500001,0.6153846153420118,0.5
6,.X.XXO.OO,0.3333333333,336,.X.XXO.O.,0.22916666662500002,-0.7272727275504133,0.5
6,.X..XOXOO,0.6666666667,337,.X..XOXO.,0.562500000025,0.29629629634238674,0.5
6,.XX.XO.OO,0.8333333333,338,.XX.XO.O.,0.645833333325,0.5161290322131113,0.5
6,.X.XXOOO.,0.3333333333,339,.X.XXOO..,0.4166666666333334,-0.20000000005600005,0.41666666665
6,.X.XXOO.O,0.5,340,.X.XXOO..,0.4166666666333334,-0.20000000005600005,0.58333333335
6,.XX.XOOO.,0.5,341,.XX.XOO..,0.5000000000333333,0.3333333332777779,0.3333333333499999
6,.XX.XOO.O,0.8333333333,342,.XX.XOO..,0.5000000000333333,0.3333333332777779,0.66666666665
6,.X..XOOOX,0.6666666667,343,.X..XOO.X,0.5833333333333334,0.2857142857714285,0.5
6,X..XXOO.O,0.0,344,X..XXOO..,0.29166666667499996,-0.5714285713551022,0.16666666665000002
6,X..XXOOO.,0.6666666667,345,X..XXOO..,0.29166666667499996,-0.5714285713551022,0.8333333333499999
6,X.X.XOO.O,0.5,346,X.X.XOO..,0.541666666675,0.3076923076568049,0.3333333333499999
6,X.X.XOOO.,0.8333333333,347,X.X.XOO..,0.541666666675,0.3076923076568049,0.66666666665
6,X...XOOXO,0.5,348,X...XOOX.,0.541666666675,0.0,0.5
6,XX..XOO.O,0.6666666667,349,XX..XOO..,0.624999999975,0.400000000016,0.41666666669999997
6,XX..XOOO.,0.8333333333,350,XX..XOO..,0.624999999975,0.400000000016,0.5833333333
6,XX..XO.OO,0.5,351,XX..XO.O.,0.4166666666500001,0.0,0.5
6,X..XXO.OO,0.5,352,X..XXO.O.,0.4166666666500001,0.0,0.5
6,X.X.XO.OO,0.8333333333,353,X.X.XO.O.,0.58333333335,0.571428571355102,0.5
6,X...XOXOO,0.8333333333,354,X...XOXO.,0.58333333335,0.571428571355102,0.5
6,..XXXOOO.,0.3333333333,355,..XXXOO..,0.36111111110000005,-0.4615384616449704,0.5
6,..XXXOO.O,0.3333333333,356,..XXXOO..,0.36111111110000005,-0.4615384616449704,0.5
6,..X.XOOOX,0.6666666667,357,..X.XOO.X,0.5277777778000001,0.3157894737340719,0.5
6,..X.XOOXO,0.6666666667,358,..X.XOOX.,0.6111111111000002,0.2727272727867767,0.5
6,..XXXO.OO,0.6666666667,359,..XXXO.O.,0.41666666669999997,0.40000000004799996,0.5
7,O..OXXXOX,0.5,0,O..OXXXO.,0.5,0.0,0.5
7,O.OOXXX.X,0.0,1,O.OOXXX..,0.27777777776666673,-0.9000000000359998,0.25
7,O.OOXXXX.,0.5,2,O.OOXXX..,0.27777777776666673,-0.9000000000359998,0.75
7,O.O.XXXOX,0.0,3,O.O.XXXO.,0.44444444446666675,-1.1249999999437499,0.5
7,O.O.XXXXO,0.5,4,O.O.XXX.O,0.7777777777666668,0.0,0.5
7,OO.OXXXX.,0.5,5,OO.OXXX..,0.3888888889333333,0.0,0.5
7,OO.OXXX.X,0.5,6,OO.OXXX..,0.3888888889333333,0.0,0.5
7,OO..XXXOX,0.5,7,OO..XXXO.,0.5555555555333334,0.0,0.5
7,OO..XXXXO,0.5,8,OO..XXX.O,0.5555555555333334,0.0,0.5
7,OXXXX..OO,0.5,9,OXX.X..OO,0.5,0.0,0.5
7,OXX.XX.OO,0.5,10,OXX.X..OO,0.5,0.0,0.5
7,OXXXX.OO.,0.0,11,OXX.X.OO.,0.25,-2.0,0.5
7,OXX.X.OOX,0.0,12,OXX.X.OO.,0.25,-2.0,0.5
7,OXXXX.O.O,0.5,13,OXX.X.O.O,0.75,0.0,0.5
7,OX..XXOOX,0.5,14,OX..XXOO.,0.4166666666500001,0.0,0.5
7,OX.XX.OOX,0.5,15,OX.XX.OO.,0.3333333333499999,0.0,0.5
7,OX.OXX.OX,0.0,16,OX.OXX.O.,0.24999999999999994,-1.0000000000000002,0.25
7,OX.OXXXO.,0.5,17,OX.OXX.O.,0.24999999999999994,-1.0000000000000002,0.75
7,OXXOXX.O.,0.5,18,OXXOX..O.,0.3888888889333333,0.0,0.5
7,OXXOX..OX,0.5,19,OXXOX..O.,0.3888888889333333,0.0,0.5
7,OXXOXO..X,0.5,20,OXXOXO...,0.5555555555333334,0.0,0.5
7,OXXOXX..O,0.5,21,OXXOX...O,0.5555555555333334,0.0,0.5
7,OX.OX.XOX,0.5,22,OX.OX.XO.,0.5,0.0,0.5
7,OXO.XOX.X,0.5,23,OXO.XOX..,0.41666666667499996,0.0,0.5
7,OXOOX.X.X,0.5,24,OXOOX.X..,0.5833333333749999,0.0,0.5
7,OXOXXOX..,0.0,25,OXOXXO...,0.33333333333333337,-0.7499999999999999,0.25
7,OXOXXO..X,0.5,26,OXOXXO...,0.33333333333333337,-0.7499999999999999,0.75
7,OXOXX.XO.,0.5,27,OXOXX..O.,0.5000000000333333,0.0,0.5
7,OXOXX..OX,0.5,28,OXOXX..O.,0.5000000000333333,0.0,0.5
7,OXOXX.X.O,0.5,29,OXOXX...O,0.6666666666333334,0.0,0.5
7,OXOOXX..X,0.0,30,OXOOXX...,0.33333333333333337,-0.7499999999999999,0.25
7,OXOOXXX..,0.5,31,OXOOXX...,0.33333333333333337,-0.7499999999999999,0.75
7,OXO.XXXO.,0.5,32,OXO.XX.O.,0.5000000000333333,0.0,0.5
7,OXO.XX.OX,0.5,33,OXO.XX.O.,0.5000000000333333,0.0,0.5
7,OXO.XXO.X,0.5,34,OXO.XXO..,0.6666666666333334,0.0,0.5
7,OX.XXOXO.,0.5,35,OX.XXO.O.,0.22222222219999993,0.0,0.5
7,OX.XXOO.X,0.5,36,OX.XXOO..,0.5555555555999999,0.0,0.5
7,OX.XXOX.O,0.5,37,OX.XXO..O,0.7222222222,0.0,0.5
7,OXX.XOO.X,0.0,38,OXX.XOO..,0.4166666666500001,-0.6000000000239999,0.25
7,OXXXXOO..,0.5,39,OXX.XOO..,0.4166666666500001,-0.6000000000239999,0.75
7,OXXXXO.O.,0.5,40,OXX.XO.O.,0.58333333335,0.0,0.5
7,OXX.XO.OX,0.5,41,OXX.XO.O.,0.58333333335,0.0,0.5
7,OX..XOXOX,0.5,42,OX..XOXO.,0.41666666669999997,0.0,0.5
7,O..XXOXOX,0.5,43,O..XXOXO.,0.5,0.0,0.5
7,O..XXOXXO,0.5,44,O..XXOX.O,0.5,0.0,0.5
7,O..XXOOXX,0.5,45,O..XXOOX.,0.41666666669999997,0.0,0.5
7,O.OXXOX.X,0.0,46,O.OXXOX..,0.16666666666666669,-2.9999999999999996,0.5
7,O.OXX.XOX,0.0,47,O.OXX.XO.,0.6666666666666667,-0.7499999999999999,0.5
7,O.OXXO.XX,0.5,48,O.OXXO.X.,0.33333333333333337,0.0,0.5
7,O.OXX.OXX,0.5,49,O.OXX.OX.,0.6666666666333334,0.0,0.5
7,OO.XXO.XX,0.0,50,OO.XXO.X.,0.27777777776666673,-1.8000000000719996,0.5
7,OO.XX.OXX,0.0,51,OO.XX.OX.,0.44444444446666675,-1.1249999999437499,0.5
7,OO.XXOXX.,0.5,52,OO.XXOX..,0.3888888889333333,0.0,0.5
7,OO.XXOX.X,0.5,53,OO.XXOX..,0.3888888889333333,0.0,0.5
7,OO.XX.XOX,0.5,54,OO.XX.XO.,0.5555555555333334,0.0,0.5
7,OO.XX.XXO,0.5,55,OO.XX.X.O,0.5555555555333334,0.0,0.5
7,O.X.XXOXO,0.5,56,O.X.XXO.O,0.4166666666500001,0.0,0.5
7,O.XXX.OOX,0.5,57,O.XXX.OO.,0.3333333333499999,0.0,0.5
7,O.XOXX.XO,0.5,58,O.XOXX..O,0.41666666669999997,0.0,0.5
7,O.XOXO.XX,0.5,59,O.XOXO.X.,0.5,0.0,0.5
7,O.XXXOOX.,0.5,60,O.XXXOO..,0.3333333333,0.0,0.5
7,O.XXXO.OX,0.5,61,O.XXXO.O.,0.6666666667,0.0,0.5
7,O.X.XOOXX,0.0,62,O.X.XOOX.,0.5,-1.0,0.5
7,OOX.X.OXX,0.0,63,OOX.X.OX.,0.2777777777333334,-1.8000000002879997,0.5
7,OOXOX..XX,0.5,64,OOXOX..X.,0.6111111111333334,0.0,0.5
7,OOX.XO.XX,0.5,65,OOX.XO.X.,0.6111111111333334,0.0,0.5
7,OOXXXO.X.,0.5,66,OOXXXO...,0.5,0.0,0.5
7,OOXXXO..X,0.5,67,OOXXXO...,0.5,0.0,0.5
7,OOXXX.OX.,0.5,68,OOXXX.O..,0.5,0.0,0.5
7,OOXXX.O.X,0.5,69,OOXXX.O..,0.5,0.0,0.5
7,OOXOXX.X.,0.5,70,OOXOXX...,0.5,0.0,0.5
7,OOX.XXOX.,0.5,71,OOX.XXO..,0.5,0.0,0.5
7,..OXXOXOX,0.5,72,..OXXOXO.,0.5,0.0,0.5
7,.XOXX.XOO,0.5,73,.XOXX..OO,0.5,0.0,0.5
7,.XO.XXXOO,0.5,74,.XO.XX.OO,0.5,0.0,0.5
7,.XOXXOXO.,0.0,75,.XOXXO.O.,0.24999999999999994,-1.0000000000000002,0.25
7,.XOXXO.OX,0.5,76,.XOXXO.O.,0.24999999999999994,-1.0000000000000002,0.75
7,.XO.XOXOX,0.5,77,.XO.XOXO.,0.5,0.0,0.5
7,.XOOXX.OX,0.5,78,.XOOXX.O.,0.22222222219999993,0.0,0.5
7,.XOOXXX.O,0.5,79,.XOOXX..O,0.5555555555999999,0.0,0.5
7,.XOOXXO.X,0.5,80,.XOOXXO..,0.7222222222,0.0,0.5
7,.XOOX.XOX,0.5,81,.XOOX.XO.,0.27777777776666673,0.0,0.5
7,..OOXXXOX,0.5,82,..OOXXXO.,0.5,0.0,0.5
7,..OOXXXXO,0.5,83,..OOXXX.O,0.5,0.0,0.5
7,..OOXXOXX,0.5,84,..OOXXOX.,0.5833333333,0.0,0.5
7,XXOXXO.O.,0.5,85,XXO.XO.O.,0.41666666669999997,0.0,0.5
7,XXO.XOXO.,0.5,86,XXO.XO.O.,0.41666666669999997,0.0,0.5
7,XXOXXOO..,0.5,87,XXO.XOO..,0.5833333333,0.0,0.5
7,X.OXXOOX.,0.5,88,X.OXXOO..,0.41666666669999997,0.0,0.5
7,X.OOX.XXO,0.0,89,X.OOX.X.O,0.055555555533333356,-9.000000003599997,0.5
7,X.OOXOXX.,0.5,90,X.OOXOX..,0.7222222222333333,0.0,0.5
7,X.OOXX.XO,0.5,91,X.OOXX..O,0.3333333333,0.0,0.5
7,X.OOXXXO.,0.5,92,X.OOXX.O.,0.6666666667,0.0,0.5
7,XXOOX.X.O,0.0,93,XXOOX...O,0.33333333333333337,-0.7499999999999999,0.25
7,XXOOXX..O,0.5,94,XXOOX...O,0.33333333333333337,-0.7499999999999999,0.75
7,XXOOXX.O.,0.5,95,XXOOX..O.,0.5000000000333333,0.0,0.5
7,XXOOX.XO.,0.5,96,XXOOX..O.,0.5000000000333333,0.0,0.5
7,XXOOXOX..,0.5,97,XXOOXO...,0.6666666666333334,0.0,0.5
7,XXO.XX.OO,0.0,98,XXO.X..OO,0.5,-1.0,0.5
7,XXO.X.XOO,0.0,99,XXO.X..OO,0.5,-1.0,0.5
7,X.O.XXXOO,0.5,100,X.O.XX.OO,0.5,0.0,0.5
7,XXO.XXO.O,0.5,101,XXO.X.O.O,0.4166666666500001,0.0,0.5
7,XXOXX.OO.,0.5,102,XXO.X.OO.,0.58333333335,0.0,0.5
7,XXO.XXOO.,0.5,103,XXO.X.OO.,0.58333333335,0.0,0.5
7,X.OXX.OXO,0.5,104,X.OXX.O.O,0.3333333333499999,0.0,0.5
7,.O.XXOOXX,0.5,105,.O.XXOOX.,0.5,0.0,0.5
7,.O.XXOXXO,0.5,106,.O.XXOX.O,0.5,0.0,0.5
7,.OOXXO.XX,0.5,107,.OOXXO.X.,0.27777777776666673,0.0,0.5
7,.OOXX.OXX,0.5,108,.OOXX.OX.,0.7777777777666668,0.0,0.5
7,.OOXXOX.X,0.5,109,.OOXXOX..,0.33333333333333337,0.0,0.5
7,.OOXX.XOX,0.5,110,.OOXX.XO.,0.6666666666333334,0.0,0.5
7,.O.OXXOXX,0.5,111,.O.OXXOX.,0.5,0.0,0.5
7,.O.OXXXXO,0.5,112,.O.OXXX.O,0.5,0.0,0.5
7,.OOOXXXX.,0.0,113,.OOOXXX..,0.27777777776666673,-0.9000000000359998,0.25
7,.OOOXXX.X,0.5,114,.OOOXXX..,0.27777777776666673,-0.9000000000359998,0.75
7,.OO.XXXXO,0.0,115,.OO.XXX.O,0.44444444446666675,-1.1249999999437499,0.5
7,.OO.XXXOX,0.5,116,.OO.XXXO.,0.7777777777666668,0.0,0.5
7,.OOOXX.XX,0.5,117,.OOOXX.X.,0.27777777776666673,0.0,0.5
7,.OO.XXOXX,0.5,118,.OO.XXOX.,0.7777777777666668,0.0,0.5
7,XOXXX.O.O,0.0,119,XOX.X.O.O,0.16666666665000002,-3.0000000002999996,0.5
7,XOX.XXO.O,0.0,120,XOX.X.O.O,0.16666666665000002,-3.0000000002999996,0.5
7,XOXXX.OO.,0.5,121,XOX.X.OO.,0.8333333333499999,0.0,0.5
7,XOX.XXOO.,0.5,122,XOX.X.OO.,0.8333333333499999,0.0,0.5
7,XO.XX.OXO,0.5,123,XO.XX.O.O,0.3333333333499999,0.0,0.5
7,XO..XXOXO,0.5,124,XO..XXO.O,0.3333333333499999,0.0,0.5
7,XO.OXXX.O,0.5,125,XO.OXX..O,0.3333333333,0.0,0.5
7,XO.OXXOX.,0.5,126,XO.OXXO..,0.6666666667,0.0,0.5
7,XOXOXXO..,0.5,127,XOXOX.O..,0.5,0.0,0.5
7,XOXOX.OX.,0.5,128,XOXOX.O..,0.5,0.0,0.5
7,XOXOXX..O,0.5,129,XOXOX...O,0.5,0.0,0.5
7,XOXOX..XO,0.5,130,XOXOX...O,0.5,0.0,0.5
7,XO.OX.XXO,0.5,131,XO.OX.X.O,0.5,0.0,0.5
7,XOO.X.XXO,0.0,132,XOO.X.X.O,0.33333333333333337,-1.4999999999999998,0.5
7,XOOOX.XX.,0.5,133,XOOOX.X..,0.5000000000333333,0.0,0.5
7,XOO.XOXX.,0.5,134,XOO.XOX..,0.6666666666333334,0.0,0.5
7,XOOOXXX..,0.5,135,XOOOXX...,0.5,0.0,0.5
7,XOOOXX.X.,0.5,136,XOOOXX...,0.5,0.0,0.5
7,XOO.XXX.O,0.5,137,XOO.XX..O,0.5,0.0,0.5
7,XOO.XX.XO,0.5,138,XOO.XX..O,0.5,0.0,0.5
7,XOOXXO.X.,0.5,139,XOOXXO...,0.5,0.0,0.5
7,XOOXX..XO,0.5,140,XOOXX...O,0.5,0.0,0.5
7,XO.XXO.XO,0.0,141,XO.XXO..O,0.4166666666500001,-1.2000000000479998,0.5
7,XO.XXOOX.,0.5,142,XO.XXOO..,0.58333333335,0.0,0.5
7,XOXXXOO..,0.5,143,XOX.XOO..,0.5,0.0,0.5
7,XOX.XOOX.,0.5,144,XOX.XOO..,0.5,0.0,0.5
7,XOXXXO..O,0.5,145,XOX.XO..O,0.5,0.0,0.5
7,XOX.XO.XO,0.5,146,XOX.XO..O,0.5,0.0,0.5
7,XO..XOXXO,0.5,147,XO..XOX.O,0.5,0.0,0.5
7,XOXXX..OO,0.5,148,XOX.X..OO,0.5,0.0,0.5
7,XOX.XX.OO,0.5,149,XOX.X..OO,0.5,0.0,0.5
7,.OXXX.OXO,0.5,150,.OXXX.O.O,0.3333333333499999,0.0,0.5
7,.OX.XXOXO,0.5,151,.OX.XXO.O,0.3333333333499999,0.0,0.5
7,.OXXXOO.X,0.5,152,.OXXXOO..,0.3333333333,0.0,0.5
7,.OXXXO.XO,0.5,153,.OXXXO..O,0.6666666667,0.0,0.5
7,.OX.XOOXX,0.5,154,.OX.XOOX.,0.3333333333,0.0,0.5
7,.OXOX.OXX,0.5,155,.OXOX.OX.,0.3333333333,0.0,0.5
7,.OXOXXOX.,0.0,156,.OXOXXO..,0.4166666666500001,-1.2000000000479998,0.5
7,.OXOXX.XO,0.5,157,.OXOXX..O,0.58333333335,0.0,0.5
7,.X.OXXXOO,0.5,158,.X.OXX.OO,0.5,0.0,0.5
7,.XXOXX.OO,0.5,159,.XXOX..OO,0.5,0.0,0.5
7,.X.OXXOOX,0.5,160,.X.OXXOO.,0.41666666665,0.0,0.5
7,.XXOX.OOX,0.5,161,.XXOX.OO.,0.4166666666500001,0.0,0.5
7,.XXOXOO.X,0.5,162,.XXOXOO..,0.5,0.0,0.5
7,..XOXXOXO,0.0,163,..XOXXO.O,0.25,-2.0,0.5
7,..XOXOOXX,0.5,164,..XOXOOX.,0.5,0.0,0.5
7,X..OXXOXO,0.5,165,X..OXXO.O,0.3333333333,0.0,0.5
7,X.XOXXO.O,0.0,166,X.XOX.O.O,0.3333333333499999,-0.7499999999625002,0.25
7,X.XOX.OXO,0.5,167,X.XOX.O.O,0.3333333333499999,-0.7499999999625002,0.75
7,X.XOXXOO.,0.5,168,X.XOX.OO.,0.66666666665,0.0,0.5
7,XX.OXXOO.,0.5,169,XX.OX.OO.,0.5,0.0,0.5
7,XX.OXXO.O,0.5,170,XX.OX.O.O,0.5,0.0,0.5
7,X..OXXXOO,0.5,171,X..OXX.OO,0.5,0.0,0.5
7,XX.OXX.OO,0.0,172,XX.OX..OO,0.5,-0.5,0.25
7,XX.OX.XOO,0.5,173,XX.OX..OO,0.5,-0.5,0.75
7,X.XOXX.OO,0.5,174,X.XOX..OO,0.5,0.0,0.5
7,X..OXOXXO,0.5,175,X..OXOX.O,0.5,0.0,0.5
7,XX.OXOX.O,0.5,176,XX.OXO..O,0.5,0.0,0.5
7,.X.XXOXOO,0.5,177,.X.XXO.OO,0.5,0.0,0.5
7,.XXXXO.OO,0.5,178,.XX.XO.OO,0.5,0.0,0.5
7,.X.XXOOOX,0.5,179,.X.XXOOO.,0.41666666665,0.0,0.5
7,.XXXXOOO.,0.0,180,.XX.XOOO.,0.3333333333499999,-0.7499999999625002,0.25
7,.XX.XOOOX,0.5,181,.XX.XOOO.,0.3333333333499999,-0.7499999999625002,0.75
7,.XXXXOO.O,0.5,182,.XX.XOO.O,0.66666666665,0.0,0.5
7,X..XXOOXO,0.0,183,X..XXOO.O,0.16666666665000002,-3.0000000002999996,0.5
7,X.XXXOO.O,0.0,184,X.X.XOO.O,0.3333333333499999,-0.7499999999625002,0.25
7,X.X.XOOXO,0.5,185,X.X.XOO.O,0.3333333333499999,-0.7499999999625002,0.75
7,X.XXXOOO.,0.5,186,X.X.XOOO.,0.66666666665,0.0,0.5
7,XX.XXOOO.,0.5,187,XX..XOOO.,0.5833333333,0.0,0.5
7,XX..XOXOO,0.5,188,XX..XO.OO,0.5,0.0,0.5
7,X.XXXO.OO,0.5,189,X.X.XO.OO,0.5,0.0,0.5
7,..XXXOOOX,0.5,190,..XXXOOO.,0.5,0.0,0.5
7,..XXXOOXO,0.5,191,..XXXOO.O,0.5,0.0,0.5
